Full Name,Email Address,Are you a/an,What is your level of student?,Your location/where you wish to be based,"Would you like your match to be based, in part, on your location?",Click all that apply (College/School),"Would you like your match to be based, in part, on your college?",What career advice areas would you like to focus on?,What organization are you affiliated with?,Are you willing to provide your cell phone number?,Please add your phone number (optional),Please provide a short 1-2 sentences that we will use to introduce you to your mentor/mentee. (300 character limit),Is there anything else you would like to share?,Which level of student do you wish to mentor?,How many mentees are you able to take on?,"Please rank your field of interest/expertise [Academia and research] (1 = highest priority, 5 = lowest)","Please rank your field of interest/expertise [Architecture and urban planning] (1 = highest priority, 5 = lowest)","Please rank your field of interest/expertise [Biotech, pharmaceutical, life sciences, and medical devices] (1 = highest priority, 5 = lowest)","Please rank your field of interest/expertise [Business] (1 = highest priority, 5 = lowest)","Please rank your field of interest/expertise [Consulting and strategy] (1 = highest priority, 5 = lowest)","Please rank your field of interest/expertise [Corporate and general management] (1 = highest priority, 5 = lowest)","Please rank your field of interest/expertise [Creative fields] (1 = highest priority, 5 = lowest)","Please rank your field of interest/expertise [Data and analytics] (1 = highest priority, 5 = lowest)","Please rank your field of interest/expertise [Design] (1 = highest priority, 5 = lowest)","Please rank your field of interest/expertise [Education] (1 = highest priority, 5 = lowest)","Please rank your field of interest/expertise [Energy, sustainability and the environment] (1 = highest priority, 5 = lowest)","Please rank your field of interest/expertise [Engineering] (1 = highest priority, 5 = lowest)","Please rank your field of interest/expertise [Entrepreneurship and startups] (1 = highest priority, 5 = lowest)","Please rank your field of interest/expertise [Finance, investment and financial services] (1 = highest priority, 5 = lowest)","Please rank your field of interest/expertise [Health and wellness] (1 = highest priority, 5 = lowest)","Please rank your field of interest/expertise [Hospitality] (1 = highest priority, 5 = lowest)","Please rank your field of interest/expertise [Human resources] (1 = highest priority, 5 = lowest)","Please rank your field of interest/expertise [IT and technology] (1 = highest priority, 5 = lowest)","Please rank your field of interest/expertise [Journalism, publishing and communications] (1 = highest priority, 5 = lowest)","Please rank your field of interest/expertise [Law and legal services] (1 = highest priority, 5 = lowest)","Please rank your field of interest/expertise [Marketing] (1 = highest priority, 5 = lowest)","Please rank your field of interest/expertise [Media and entertainment] (1 = highest priority, 5 = lowest)","Please rank your field of interest/expertise [Medicine and healthcare] (1 = highest priority, 5 = lowest)","Please rank your field of interest/expertise [Non-profit and social enterprise] (1 = highest priority, 5 = lowest)","Please rank your field of interest/expertise [Policy and advocacy] (1 = highest priority, 5 = lowest)","Please rank your field of interest/expertise [Psychology and social work] (1 = highest priority, 5 = lowest)","Please rank your field of interest/expertise [Public service and government] (1 = highest priority, 5 = lowest)","Please rank your field of interest/expertise [Real estate] (1 = highest priority, 5 = lowest)","Please rank your field of interest/expertise [Retail and consumer goods] (1 = highest priority, 5 = lowest)","Please rank your field of interest/expertise [Veterinary medicine] (1 = highest priority, 5 = lowest)"
Lillian Jimenez,lillianjimenez14@gmail.com,PCCW Mentor (Cornell Alum),,South Asia,No,Cornell University,Yes,"Navigating The Workforce, Work-Life Balance",GenEq - Gender Equity Resource Center,Yes,212-447-6284,"Cornell alum working in Finance, investment and financial services. Happy to share insights about careers in innovation.",I am a first-gen student and would appreciate any guidance.,Graduate,1.0,,,,,,,,,,,,4,5 - Lowest Priority,1 - Highest Priority,3,,,,2,,,,,,,,,,,
Ruby Diaz,rubydiaz80@gmail.com,PCCW Mentor (Cornell Alum),,South Asia,Yes,Johnson Graduate School Of Management,Yes,"Navigating The Workforce, Public Service And Non-Profit Careers, Work-Life Balance",Graduate and Professional Students Assembly (GPSA),No,,"Proud Cornell grad. Now working in Psychology and social work, specializing in financial inclusion.",I am a first-gen student and would appreciate any guidance.,Both,3.0,,,,2,,,,,,3,,,,,,,5 - Lowest Priority,,4,,,,,,,1 - Highest Priority,,,,
Hailey Do,haileydo75@yahoo.com,PCCW Mentor (Cornell Alum),,East Coast U.S.,No,College Of Arts And Sciences,No,"Public Service And Non-Profit Careers, Work-Life Balance",Women's Leadership Initiative (WLI),Yes,212-323-3635,Cornell alum working in IT and technology. Happy to share insights about careers in social impact.,,Graduate,2.0,,,4,2,,3,,,,,,,,,5 - Lowest Priority,,,1 - Highest Priority,,,,,,,,,,,,
Alexa Nelson,alexanelson67@yahoo.com,PCCW Mentor (Cornell Alum),,NYC Area,Yes,College Of Arts And Sciences,No,Career Guidance,First Gen,No,,I've spent 10+ years in Health and wellness and love mentoring the next generation in community building.,,Graduate,2.0,,,,,,,,,,,,,,2,1 - Highest Priority,,,,,,,,,,3,,,,,
Lillian Torres,lilliantorres17@cornell.edu,"Graduate Student / Professional (Masters, PhD, MBA, JD, MD, etc.)",Graduate,NYC Area,Yes,Cornell Ann S. Bowers College Of Computing And Information Science,No,Career Guidance,Cornell Tech,No,,Currently pursuing a degree in Engineering. Excited to connect with professionals in healthcare access.,,,,,,,,,,,,,,,1 - Highest Priority,,,,,2,,,,,,3,,,,,,,
Ellie Jackson,elliejackson13@cornell.edu,Undergraduate,Undergraduate,East Coast U.S.,Yes,College Of Agriculture And Life Sciences,No,"Work-Life Balance, Career Guidance, Public Service And Non-Profit Careers",Women's Leadership Initiative (WLI),Yes,607-996-8936,I'm a sophomore studying Business at Cornell. I'm passionate about making an impact in innovation.,,,,,3,,1 - Highest Priority,,,,,,,,,2,,,,,,,4,,,,,5 - Lowest Priority,,,,,
Aria Mitchell,ariamitchell49@icloud.com,PCCW Mentor (Cornell Alum),,NYC Area,No,Cornell Tech (NYC),No,Navigating The Workforce,First Gen,No,,Experienced professional in IT and technology with 15 years in policy reform. Excited to give back.,,Undergraduate,2.0,,,2,3,,,,,,,,,,,,,,1 - Highest Priority,,,,,,,,,,,,
Autumn Mitchell,autumnmitchell74@yahoo.com,PCCW Mentor (Cornell Alum),,East Coast U.S.,No,Other,Yes,"International Student Guidance, Work-Life Balance, Networking",Graduate and Professional Students Assembly (GPSA),No,,Cornell alum working in Engineering. Happy to share insights about careers in policy reform.,Happy to meet once a month or more.,Both,3.0,,,,5 - Lowest Priority,,,,,,,,1 - Highest Priority,,3,,,,,,2,,,,,,,,,,4
Lily Taylor,lilytaylor80@cornell.edu,"Graduate Student / Professional (Masters, PhD, MBA, JD, MD, etc.)",Graduate,UK,Yes,Cornell Law School,No,Career Guidance,Other,Yes,607-727-6480,"Aspiring Biotech, pharmaceutical, life sciences, and medical devices professional with interests in financial inclusion and making a difference.",Happy to meet once a month or more.,,,,,1 - Highest Priority,2,,,,,,,,,,,,,,4,,5 - Lowest Priority,3,,,,,,,,,
Amelia Hernandez,ameliahernandez63@icloud.com,PCCW Mentor (Cornell Alum),,East Asia,Yes,Cornell Tech (NYC),Yes,"Work-Life Balance, Networking, First Generation Student Guidance",GenEq - Gender Equity Resource Center,No,,"Proud Cornell grad. Now working in Health and wellness, specializing in policy reform.",,Both,1.0,5 - Lowest Priority,,,,,,,,,,,,4,,1 - Highest Priority,,,,3,,,,,2,,,,,,
Anna Nguyen,annanguyen19@gmail.com,PCCW Mentor (Cornell Alum),,East Coast U.S.,Yes,Cornell University,Yes,"Career Guidance, Navigating The Workforce",GenEq - Gender Equity Resource Center,No,,Cornell alum working in Consulting and strategy. Happy to share insights about careers in social impact.,,Undergraduate,2.0,,,,,1 - Highest Priority,,,,,,,,,,,,,2,5 - Lowest Priority,4,3,,,,,,,,,
Allison Singh,allisonsingh21@gmail.com,PCCW Mentor (Cornell Alum),,West Coast U.S.,No,Cornell Law School,No,"Work-Life Balance, Transitioning From Academia To Industry Or Navigating Career Changes, Navigating The Workforce",Other,No,,Senior Law and legal services professional with extensive experience in sustainability.,Prefer virtual meetings.,Graduate,1.0,,,,2,,,,,,,,,4,,,,,,,1 - Highest Priority,,,3,,,,,,,
Adalynn Wright,adalynnwright68@cornell.edu,"Graduate Student / Professional (Masters, PhD, MBA, JD, MD, etc.)",Graduate,East Coast U.S.,Yes,Graduate School Field Of Study,No,"Entrepreneurship And Startup Advice, Navigating The Workforce",Cornell Tech,Yes,607-970-5929,"Passionate about Biotech, pharmaceutical, life sciences, and medical devices with a growing interest in healthcare access. Looking forward to mentorship.",,,,,,1 - Highest Priority,,,2,,,,,,,,3,,,,,,,,,,,,,,,,
Gabriella Harris,gabriellaharris60@yahoo.com,PCCW Mentor (Cornell Alum),,NYC Area,Yes,College Of Engineering,Yes,"Transitioning From Academia To Industry Or Navigating Career Changes, Entrepreneurship And Startup Advice",Women's Leadership Initiative (WLI),No,,"Proud Cornell grad. Now working in Engineering, specializing in innovation.",Available on weekday evenings only.,Graduate,1.0,,,,,,,,,,,,1 - Highest Priority,,,3,,,,,,,,2,,,,,,,
Nevaeh Gupta,nevaehgupta22@cornell.edu,"Graduate Student / Professional (Masters, PhD, MBA, JD, MD, etc.)",Graduate,East Coast U.S.,Yes,Johnson Graduate School Of Management,Yes,"Career Guidance, Transitioning From Academia To Industry Or Navigating Career Changes",Other,Yes,607-360-2457,"I love Finance, investment and financial services and hope to work in sustainability after graduation. Always eager to learn!",,,,,,3,,,,,,,,,,,1 - Highest Priority,,,,,2,,,,,,,,,,,
Naomi Morales,naomimorales34@gmail.com,PCCW Mentor (Cornell Alum),,NYC Area,No,Weill Cornell Medicine (NYC),No,"First Generation Student Guidance, Career Guidance, Navigating The Workforce",Women's Leadership Initiative (WLI),Yes,212-627-7616,Senior Psychology and social work professional with extensive experience in tech for good.,Prefer virtual meetings.,Both,1.0,,,,5 - Lowest Priority,,,,,,,,,,,,,,,2,,,,3,,4,1 - Highest Priority,,,,
Chloe Ortiz,chloeortiz05@cornell.edu,"Graduate Student / Professional (Masters, PhD, MBA, JD, MD, etc.)",Graduate,East Coast U.S.,No,College Of Engineering,Yes,First Generation Student Guidance,First Gen,Yes,607-502-9488,I'm a junior studying Engineering at Cornell. I'm passionate about making an impact in diversity and inclusion.,,,,,,,,2,4,,,,,,1 - Highest Priority,,3,,,,,,,,,,,,,,,,
Mila Sharma,milasharma72@cornell.edu,Undergraduate,Undergraduate,NYC Area,Yes,College Of Arts And Sciences,No,"Transitioning From Academia To Industry Or Navigating Career Changes, Navigating The Workforce",Other,No,,"Aspiring Journalism, publishing and communications professional with interests in entrepreneurship and making a difference.",,,,,,,2,,,,,,3,,,,,,,,4,1 - Highest Priority,,,,,,,,,,,
Eva Rivera,evarivera97@cornell.edu,"Graduate Student / Professional (Masters, PhD, MBA, JD, MD, etc.)",Graduate,NYC Area,Yes,Cornell Law School,No,"International Student Guidance, Navigating The Workforce",Building Ourselves Through Sisterhood and Service (BOSS),No,,Cornell sophomore interested in Engineering and looking to explore career paths in community building.,I am a first-gen student and would appreciate any guidance.,,,,,,2,,,,,,3,,1 - Highest Priority,,,,,,,,,,,,,4,,,,,
Allison Vargas,allisonvargas84@outlook.com,PCCW Mentor (Cornell Alum),,NYC Area,Yes,College Of Engineering,No,"Career Guidance, Work-Life Balance",Women's Leadership Initiative (WLI),No,,Senior Entrepreneurship and startups professional with extensive experience in healthcare access.,Available on weekday evenings only.,Undergraduate,1.0,,,4,3,,,,,,,,,1 - Highest Priority,,,,,2,,,,,,,,,,,,
Amelia Nguyen,amelianguyen71@cornell.edu,"Graduate Student / Professional (Masters, PhD, MBA, JD, MD, etc.)",Graduate,South Asia,No,Johnson Graduate School Of Management,Yes,"Career Guidance, Navigating The Workforce, Networking",Graduate and Professional Students Assembly (GPSA),Yes,607-526-4305,Cornell junior interested in Veterinary medicine and looking to explore career paths in social impact.,Looking for someone in NYC area if possible.,,,,5 - Lowest Priority,3,,,,,,,,,,,4,,,,,,,,,2,,,,,,,1 - Highest Priority
Hazel Torres,hazeltorres72@cornell.edu,"Graduate Student / Professional (Masters, PhD, MBA, JD, MD, etc.)",Graduate,East Coast U.S.,No,Weill Cornell Medicine (NYC),No,"Networking, Career Guidance",Building Ourselves Through Sisterhood and Service (BOSS),Yes,607-890-5954,Currently pursuing a degree in Medicine and healthcare. Excited to connect with professionals in healthcare access.,,,,,,,,,,,,,,,,,,,,,3,,,,,1 - Highest Priority,,,2,,,,
Audrey Vasquez,audreyvasquez74@cornell.edu,Undergraduate,Undergraduate,East Coast U.S.,Yes,"College Of Architecture, Art, And Planning",Yes,"Navigating The Workforce, Career Guidance",Other,No,,I love IT and technology and hope to work in community building after graduation. Always eager to learn!,Looking for someone in NYC area if possible.,,,3,,,,,,,,,,,,,,,,,1 - Highest Priority,4,2,,,,,,,,5 - Lowest Priority,,
Natalie Gutierrez,nataliegutierrez83@cornell.edu,Undergraduate,Undergraduate,East Coast U.S.,No,The Peter And Stephanie Nolan School Of Hotel Administration,No,"Career Guidance, Navigating The Workforce",Women's Leadership Initiative (WLI),Yes,607-110-2076,"Passionate about Finance, investment and financial services with a growing interest in sustainability. Looking forward to mentorship.",Looking for someone in NYC area if possible.,,,,,,,,,,,,,,,,1 - Highest Priority,,,,,,2,,,,,,3,,,,
Skylar Brown,skylarbrown53@outlook.com,PCCW Mentor (Cornell Alum),,East Asia,Yes,College Of Engineering,Yes,"Navigating The Workforce, Public Service And Non-Profit Careers, Work-Life Balance",Other,No,,I've spent 12+ years in Entrepreneurship and startups and love mentoring the next generation in healthcare access.,Looking for someone in NYC area if possible.,Undergraduate,1.0,,,5 - Lowest Priority,4,,,,,,,,,1 - Highest Priority,,,,,3,,,,,2,,,,,,,
Gabriella Zhang,gabriellazhang35@cornell.edu,"Graduate Student / Professional (Masters, PhD, MBA, JD, MD, etc.)",Graduate,NYC Area,Yes,Weill Cornell Medicine (NYC),Yes,"Career Guidance, Networking, Navigating The Workforce",Graduate and Professional Students Assembly (GPSA),Yes,607-491-3974,Passionate about Education with a growing interest in tech for good. Looking forward to mentorship.,Available on weekday evenings only.,,,,,,4,,3,,,,1 - Highest Priority,,,,,,,,2,,,,,,,,,,,,
Jade Singh,jadesingh81@cornell.edu,"Graduate Student / Professional (Masters, PhD, MBA, JD, MD, etc.)",Graduate,NYC Area,Yes,Graduate School Field Of Study,Yes,"Career Guidance, Public Service And Non-Profit Careers",Cornell Tech,No,,Passionate about Entrepreneurship and startups with a growing interest in innovation. Looking forward to mentorship.,,,,,,,4,,5 - Lowest Priority,,,,,,,1 - Highest Priority,,,,,,,,,,2,,,3,,,,
Bella Dang,belladang37@cornell.edu,"Graduate Student / Professional (Masters, PhD, MBA, JD, MD, etc.)",Graduate,East Asia,Yes,College Of Engineering,No,"Career Guidance, First Generation Student Guidance, Transitioning From Academia To Industry Or Navigating Career Changes",Other,No,,Passionate about Law and legal services with a growing interest in social impact. Looking forward to mentorship.,Available on weekday evenings only.,,,,,,,,,,,,,,3,,,,,,2,,1 - Highest Priority,,,,,,,,,,
Ellie Garcia,elliegarcia29@cornell.edu,"Graduate Student / Professional (Masters, PhD, MBA, JD, MD, etc.)",Graduate,West Coast U.S.,No,Johnson Graduate School Of Management,No,"First Generation Student Guidance, Work-Life Balance",Cornell Tech,Yes,607-321-4152,Aspiring IT and technology professional with interests in financial inclusion and making a difference.,Happy to meet once a month or more.,,,,4,,,,,,,,,,,,,2,,,1 - Highest Priority,,3,,,,,,,,,,
Adalynn Cruz,adalynncruz52@cornell.edu,"Graduate Student / Professional (Masters, PhD, MBA, JD, MD, etc.)",Graduate,West Coast U.S.,No,Graduate School Field Of Study,No,"Entrepreneurship And Startup Advice, Networking, Transitioning From Academia To Industry Or Navigating Career Changes",First Gen,Yes,607-377-4068,Passionate about Medicine and healthcare with a growing interest in policy reform. Looking forward to mentorship.,I am a first-gen student and would appreciate any guidance.,,,,,,,,,,,,,,4,,,,,3,2,,5 - Lowest Priority,,,1 - Highest Priority,,,,,,,
Isla Martinez,islamartinez96@cornell.edu,"Graduate Student / Professional (Masters, PhD, MBA, JD, MD, etc.)",Graduate,East Coast U.S.,Yes,College Of Engineering,No,Navigating The Workforce,Other,Yes,607-852-6892,"Aspiring Journalism, publishing and communications professional with interests in social impact and making a difference.",,,,,,,,,,,,,,,3,,,,,,2,1 - Highest Priority,4,,,5 - Lowest Priority,,,,,,,
Gabriella Clark,gabriellaclark01@cornell.edu,Undergraduate,Undergraduate,East Coast U.S.,No,Cornell Ann S. Bowers College Of Computing And Information Science,No,Networking,Cornell Tech,Yes,607-835-3376,Cornell first-year interested in Psychology and social work and looking to explore career paths in policy reform.,Happy to share my journey from undergrad to grad school.,,,,,,3,,,,,,,,,,2,,,,4,,,,,,,,1 - Highest Priority,,,,
Brooklyn Thomas,brooklynthomas20@cornell.edu,"Graduate Student / Professional (Masters, PhD, MBA, JD, MD, etc.)",Graduate,South Asia,No,Johnson Graduate School Of Management,Yes,Career Guidance,Other,No,,"Currently pursuing a degree in Finance, investment and financial services. Excited to connect with professionals in community building.",Prefer virtual meetings.,,,,,,,2,,,3,,,,,,1 - Highest Priority,4,,,,,,,,,,,,,,,
Vivian Robinson,vivianrobinson31@icloud.com,PCCW Mentor (Cornell Alum),,East Coast U.S.,No,Weill Cornell Medicine (NYC),No,"Work-Life Balance, International Student Guidance",GenEq - Gender Equity Resource Center,Yes,212-173-5800,Senior Law and legal services professional with extensive experience in innovation.,Would love to connect with someone in the startup world.,Undergraduate,1.0,,,,,,,,,,,,,,,,4,,2,,1 - Highest Priority,,,,,,,,,,3
Kinsley Clark,kinsleyclark64@cornell.edu,"Graduate Student / Professional (Masters, PhD, MBA, JD, MD, etc.)",Graduate,West Coast U.S.,Yes,Graduate School Field Of Study,No,Entrepreneurship And Startup Advice,Graduate and Professional Students Assembly (GPSA),Yes,607-778-2441,Cornell senior interested in Consulting and strategy and looking to explore career paths in financial inclusion.,Happy to meet once a month or more.,,,,,,4,1 - Highest Priority,,,,,,,2,,,,,,3,,5 - Lowest Priority,,,,,,,,,,
Eva Nelson,evanelson05@cornell.edu,"Graduate Student / Professional (Masters, PhD, MBA, JD, MD, etc.)",Graduate,East Coast U.S.,Yes,Johnson Graduate School Of Management,No,"Career Guidance, Navigating The Workforce, Entrepreneurship And Startup Advice",GenEq - Gender Equity Resource Center,Yes,607-865-5601,"Passionate about Energy, sustainability and the environment with a growing interest in financial inclusion. Looking forward to mentorship.",Looking for someone in NYC area if possible.,,,,,,,,,,,,,1 - Highest Priority,2,3,,,,,,,4,,,,,,,,,,
Emily Mehta,emilymehta40@cornell.edu,Undergraduate,Undergraduate,NYC Area,Yes,College Of Agriculture And Life Sciences,Yes,Networking,Cornell Tech,No,,I'm a junior studying Health and wellness at Cornell. I'm passionate about making an impact in sustainability.,Prefer virtual meetings.,,,4,,,,,,,,,,,,,2,1 - Highest Priority,,,5 - Lowest Priority,,3,,,,,,,,,,
Rylee Kim,ryleekim12@cornell.edu,"Graduate Student / Professional (Masters, PhD, MBA, JD, MD, etc.)",Graduate,NYC Area,Yes,Graduate School Field Of Study,Yes,"Work-Life Balance, Navigating The Workforce, Transitioning From Academia To Industry Or Navigating Career Changes",Graduate and Professional Students Assembly (GPSA),Yes,607-965-3170,Currently pursuing a degree in Business. Excited to connect with professionals in tech for good.,Looking for someone in NYC area if possible.,,,,,,1 - Highest Priority,,,,,,,,2,,,,,,3,5 - Lowest Priority,,,,,,,,,4,,
Victoria Dang,victoriadang42@cornell.edu,"Graduate Student / Professional (Masters, PhD, MBA, JD, MD, etc.)",Graduate,South Asia,Yes,Cornell Tech (NYC),No,Career Guidance,Other,Yes,607-255-5915,I'm a sophomore studying Health and wellness at Cornell. I'm passionate about making an impact in social impact.,Prefer virtual meetings.,,,,,,,,,,,,,,2,3,,1 - Highest Priority,,,5 - Lowest Priority,,4,,,,,,,,,,
Hadley Rodriguez,hadleyrodriguez96@gmail.com,PCCW Mentor (Cornell Alum),,South Asia,Yes,Cornell Tech (NYC),No,Entrepreneurship And Startup Advice,GenEq - Gender Equity Resource Center,No,,"Senior Journalism, publishing and communications professional with extensive experience in entrepreneurship.",,Graduate,1.0,,,4,,,,,,,,,5 - Lowest Priority,,,,,,,1 - Highest Priority,3,,,,,,2,,,,
Arianna Chen,ariannachen17@cornell.edu,Undergraduate,Undergraduate,West Coast U.S.,Yes,"College Of Architecture, Art, And Planning",Yes,"Work-Life Balance, Transitioning From Academia To Industry Or Navigating Career Changes, International Student Guidance",Panhellenic/Multicultural Greek Fraternal Council,Yes,607-553-7576,I'm a first-year studying Data and analytics at Cornell. I'm passionate about making an impact in entrepreneurship.,Happy to meet once a month or more.,,,,,,2,,,,1 - Highest Priority,,,,,,,,,,,,3,,,,,,,,,,
Samantha Smith,samanthasmith85@gmail.com,PCCW Mentor (Cornell Alum),,Other,Yes,Cornell SC Johnson College Of Business,No,Career Guidance,Graduate and Professional Students Assembly (GPSA),Yes,212-955-9404,I've spent 20+ years in Corporate and general management and love mentoring the next generation in community building.,,Both,3.0,,,2,,,1 - Highest Priority,,,,,,,,3,,,,,,,,,,,,,,,,
Chloe Cruz,chloecruz13@outlook.com,PCCW Mentor (Cornell Alum),,NYC Area,Yes,Weill Cornell Medicine (NYC),Yes,"Career Guidance, Work-Life Balance",First Gen,Yes,212-204-1845,Senior Entrepreneurship and startups professional with extensive experience in healthcare access.,,Graduate,3.0,,,,2,,,,,,,,,1 - Highest Priority,,,,,,,4,,,,,,,3,,,
Clara Vo,claravo21@cornell.edu,Undergraduate,Undergraduate,East Coast U.S.,No,Cornell Jeb E. Brooks School Of Public Policy,Yes,"Career Guidance, Transitioning From Academia To Industry Or Navigating Career Changes, Work-Life Balance",GenEq - Gender Equity Resource Center,No,,"Currently pursuing a degree in Biotech, pharmaceutical, life sciences, and medical devices. Excited to connect with professionals in tech for good.",,,,,,1 - Highest Priority,4,,,,,,,,,,2,,,,,,3,,,,,,,,,,
Aubrey Vargas,aubreyvargas42@cornell.edu,"Graduate Student / Professional (Masters, PhD, MBA, JD, MD, etc.)",Graduate,NYC Area,Yes,Graduate School Field Of Study,No,Work-Life Balance,Women's Leadership Initiative (WLI),No,,I'm a junior studying Real estate at Cornell. I'm passionate about making an impact in community building.,Happy to share my journey from undergrad to grad school.,,,,,2,,,,,,,,,5 - Lowest Priority,,,,,,3,,4,,,,,,,,1 - Highest Priority,,
Zoey White,zoeywhite03@cornell.edu,Undergraduate,Undergraduate,NYC Area,Yes,The Peter And Stephanie Nolan School Of Hotel Administration,Yes,"Transitioning From Academia To Industry Or Navigating Career Changes, Public Service And Non-Profit Careers",Women's Leadership Initiative (WLI),No,,Aspiring IT and technology professional with interests in diversity and inclusion and making a difference.,Looking for someone in NYC area if possible.,,,,,,,2,,,,,,,,,,,,,1 - Highest Priority,,3,,,,,,,,,,
Aubree Mehta,aubreemehta66@gmail.com,PCCW Mentor (Cornell Alum),,East Coast U.S.,No,Cornell SC Johnson College Of Business,Yes,"Transitioning From Academia To Industry Or Navigating Career Changes, Navigating The Workforce",Cornell Tech,No,,"I've spent 12+ years in Journalism, publishing and communications and love mentoring the next generation in innovation.",Happy to meet once a month or more.,Undergraduate,3.0,,,2,3,,,,,,,,,,,,,,,1 - Highest Priority,4,,,,,,,,,,5 - Lowest Priority
Jade Patel,jadepatel00@gmail.com,PCCW Mentor (Cornell Alum),,East Coast U.S.,Yes,Cornell SC Johnson College Of Business,No,"Transitioning From Academia To Industry Or Navigating Career Changes, Career Guidance, Entrepreneurship And Startup Advice",Graduate and Professional Students Assembly (GPSA),Yes,212-576-7143,I've spent 12+ years in Business and love mentoring the next generation in innovation.,,Both,2.0,,,,1 - Highest Priority,,,,,,,,,,,,,,5 - Lowest Priority,3,,4,,,2,,,,,,
Grace King,graceking93@icloud.com,PCCW Mentor (Cornell Alum),,East Coast U.S.,Yes,Cornell Tech (NYC),No,"Public Service And Non-Profit Careers, Work-Life Balance",Graduate and Professional Students Assembly (GPSA),Yes,212-586-5025,"I've spent 5+ years in Finance, investment and financial services and love mentoring the next generation in policy reform.",I am a first-gen student and would appreciate any guidance.,Both,1.0,,,,,,,,,,,,2,,1 - Highest Priority,,,,3,,,,,,,,,,,,
Zoey Wang,zoeywang38@cornell.edu,"Graduate Student / Professional (Masters, PhD, MBA, JD, MD, etc.)",Graduate,NYC Area,No,Cornell Law School,Yes,Career Guidance,Graduate and Professional Students Assembly (GPSA),No,,Passionate about Law and legal services with a growing interest in social impact. Looking forward to mentorship.,,,,,,,2,,,,,,,,,,,,,,4,,1 - Highest Priority,3,,,,,,,,,
Camila Lewis,camilalewis57@gmail.com,PCCW Mentor (Cornell Alum),,East Coast U.S.,No,Other,Yes,"Work-Life Balance, Public Service And Non-Profit Careers",Building Ourselves Through Sisterhood and Service (BOSS),Yes,212-273-2785,Experienced professional in Entrepreneurship and startups with 5 years in financial inclusion. Excited to give back.,,,1.0,,,,4,,,,,,,,,1 - Highest Priority,,,,,,,2,,,,,,,3,,,
Ivy Williams,ivywilliams08@outlook.com,PCCW Mentor (Cornell Alum),,West Coast U.S.,Yes,Cornell SC Johnson College Of Business,No,Networking,Graduate and Professional Students Assembly (GPSA),Yes,212-385-1942,Cornell alum working in Engineering. Happy to share insights about careers in innovation.,,Both,3.0,,,4,,,,,,,,,1 - Highest Priority,,,,,3,,2,,,,,,,,,,,
Sofia King,sofiaking23@cornell.edu,"Graduate Student / Professional (Masters, PhD, MBA, JD, MD, etc.)",Graduate,East Coast U.S.,Yes,Cornell Law School,Yes,"Work-Life Balance, Networking, Career Guidance",Other,No,,Cornell senior interested in IT and technology and looking to explore career paths in healthcare access.,,,,,,,3,,,,,,,,,4,,,,,1 - Highest Priority,,,,,,,,,,,2.0,
Zoe Patel,zoepatel95@cornell.edu,"Graduate Student / Professional (Masters, PhD, MBA, JD, MD, etc.)",Graduate,East Coast U.S.,No,Johnson Graduate School Of Management,No,"Work-Life Balance, International Student Guidance, First Generation Student Guidance",Building Ourselves Through Sisterhood and Service (BOSS),No,,I love IT and technology and hope to work in healthcare access after graduation. Always eager to learn!,,,,,,,,,,,,,,,3,5 - Lowest Priority,,,,,1 - Highest Priority,2,4,,,,,,,,,,
Aubrey Roberts,aubreyroberts49@cornell.edu,"Graduate Student / Professional (Masters, PhD, MBA, JD, MD, etc.)",Graduate,East Coast U.S.,No,Weill Cornell Medicine (NYC),No,"Work-Life Balance, Career Guidance, First Generation Student Guidance",GenEq - Gender Equity Resource Center,Yes,607-549-5776,Currently pursuing a degree in IT and technology. Excited to connect with professionals in diversity and inclusion.,Would love to connect with someone in the startup world.,,,,,,,,,,,2.0,,,3,,,,,,1 - Highest Priority,,,,,,4,,,,,,
Liliana Jackson,lilianajackson08@cornell.edu,Undergraduate,Undergraduate,NYC Area,Yes,College Of Human Ecology,Yes,"Navigating The Workforce, Career Guidance",Women's Leadership Initiative (WLI),Yes,607-525-3657,I'm a junior studying Medicine and healthcare at Cornell. I'm passionate about making an impact in healthcare access.,I am a first-gen student and would appreciate any guidance.,,,,,,4,2,,,,,,,,,3,,,,,,,,,1 - Highest Priority,,,,,,,
Victoria Singh,victoriasingh59@outlook.com,PCCW Mentor (Cornell Alum),,NYC Area,Yes,Johnson Graduate School Of Management,No,"Work-Life Balance, Career Guidance, First Generation Student Guidance",Building Ourselves Through Sisterhood and Service (BOSS),No,,Experienced professional in Business with 15 years in financial inclusion. Excited to give back.,I am a first-gen student and would appreciate any guidance.,Both,2.0,,,3,1 - Highest Priority,,,,,,,,,,,,,,,2,,,,,,,,,,,
Luna Desai,lunadesai52@cornell.edu,"Graduate Student / Professional (Masters, PhD, MBA, JD, MD, etc.)",Graduate,East Asia,Yes,Johnson Graduate School Of Management,No,"Work-Life Balance, Navigating The Workforce",Graduate and Professional Students Assembly (GPSA),No,,I love Policy and advocacy and hope to work in sustainability after graduation. Always eager to learn!,I am a first-gen student and would appreciate any guidance.,,,,,,,,,,,,,,,,,,,,2,,,,,,,1 - Highest Priority,3,,,,
Leah Lewis,leahlewis46@gmail.com,PCCW Mentor (Cornell Alum),,NYC Area,Yes,Cornell SC Johnson College Of Business,No,Transitioning From Academia To Industry Or Navigating Career Changes,Cornell Tech,Yes,212-473-2319,Cornell alum working in IT and technology. Happy to share insights about careers in tech for good.,Happy to meet once a month or more.,Undergraduate,1.0,,,,,,,,,,,,,,2,4,,,1 - Highest Priority,,3,,,5 - Lowest Priority,,,,,,,
Mia Nguyen,mianguyen62@cornell.edu,Undergraduate,Undergraduate,East Asia,No,College Of Arts And Sciences,No,Career Guidance,Women's Leadership Initiative (WLI),No,,Passionate about Business with a growing interest in entrepreneurship. Looking forward to mentorship.,Would love to connect with someone in the startup world.,,,,,,1 - Highest Priority,,,,,,,,,,3,,,,2,,,,,,,,,,,,
Eleanor Perez,eleanorperez55@icloud.com,PCCW Mentor (Cornell Alum),,East Coast U.S.,Yes,Johnson Graduate School Of Management,No,Career Guidance,Cornell Tech,No,,Cornell alum working in Marketing. Happy to share insights about careers in innovation.,Looking for someone in NYC area if possible.,Both,1.0,,,3,,,,,,,,,4,,,,,,,,5 - Lowest Priority,1 - Highest Priority,,,,,2,,,,
Priya Wilson,priyawilson91@cornell.edu,"Graduate Student / Professional (Masters, PhD, MBA, JD, MD, etc.)",Graduate,West Coast U.S.,Yes,Johnson Graduate School Of Management,Yes,Career Guidance,Other,No,,"I love Journalism, publishing and communications and hope to work in entrepreneurship after graduation. Always eager to learn!",,,,,,2,,,,,,,,,4,,,,,,3,1 - Highest Priority,,,,,5 - Lowest Priority,,,,,,
Aubree Harris,aubreeharris07@cornell.edu,Undergraduate,Undergraduate,East Coast U.S.,Yes,College Of Human Ecology,Yes,"Public Service And Non-Profit Careers, Work-Life Balance, Navigating The Workforce",Building Ourselves Through Sisterhood and Service (BOSS),No,,I love Business and hope to work in sustainability after graduation. Always eager to learn!,I am a first-gen student and would appreciate any guidance.,,,,,,1 - Highest Priority,,,,,,,,4,,,,,,3,,2,,,,,,,,,,
Aisha Nguyen,aishanguyen73@cornell.edu,Undergraduate,Undergraduate,UK,Yes,College Of Agriculture And Life Sciences,Yes,"Entrepreneurship And Startup Advice, Networking",Other,No,,Currently pursuing a degree in IT and technology. Excited to connect with professionals in social impact.,,,,,,2,,,,,,,,,,4,,3,,,1 - Highest Priority,,,,,,,,,,,,
Adalynn Jimenez,adalynnjimenez35@cornell.edu,"Graduate Student / Professional (Masters, PhD, MBA, JD, MD, etc.)",Graduate,East Coast U.S.,Yes,Graduate School Field Of Study,Yes,"Navigating The Workforce, Work-Life Balance, Transitioning From Academia To Industry Or Navigating Career Changes",Women's Leadership Initiative (WLI),Yes,607-739-1857,Passionate about Corporate and general management with a growing interest in healthcare access. Looking forward to mentorship.,Happy to share my journey from undergrad to grad school.,,,,2,,,,1 - Highest Priority,,,,,,,,,,,3,,,,,,,,,,,,,
Eleanor Wang,eleanorwang93@cornell.edu,"Graduate Student / Professional (Masters, PhD, MBA, JD, MD, etc.)",Graduate,East Coast U.S.,Yes,The Samuel Curtis Johnson Graduate School Of Management.,Yes,"Work-Life Balance, Transitioning From Academia To Industry Or Navigating Career Changes",Other,Yes,607-140-1614,Cornell sophomore interested in IT and technology and looking to explore career paths in social impact.,,,,,,,3,,4,,,,,,,,,,,,1 - Highest Priority,,2,,,,,,,,,,
Willow Gonzalez,willowgonzalez49@gmail.com,PCCW Mentor (Cornell Alum),,NYC Area,Yes,Cornell University,No,Navigating The Workforce,First Gen,No,,Senior Health and wellness professional with extensive experience in tech for good.,Happy to meet once a month or more.,Both,1.0,,,2,,,,,,,,,,,,1 - Highest Priority,,,3,,4,,,,,,,,,,
Genesis Thompson,genesisthompson79@cornell.edu,"Graduate Student / Professional (Masters, PhD, MBA, JD, MD, etc.)",Graduate,East Coast U.S.,Yes,Cornell Law School,No,"Navigating The Workforce, Transitioning From Academia To Industry Or Navigating Career Changes",Graduate and Professional Students Assembly (GPSA),Yes,607-144-8250,Aspiring Business professional with interests in sustainability and making a difference.,Happy to share my journey from undergrad to grad school.,,,,,,1 - Highest Priority,,,,5 - Lowest Priority,,,,3,,,4,,,2,,,,,,,,,,,,
Sofia Johnson,sofiajohnson79@cornell.edu,"Graduate Student / Professional (Masters, PhD, MBA, JD, MD, etc.)",Graduate,NYC Area,No,Cornell Ann S. Bowers College Of Computing And Information Science,No,"Networking, Career Guidance, Work-Life Balance",Cornell Tech,No,,"Currently pursuing a degree in Energy, sustainability and the environment. Excited to connect with professionals in innovation.",Would love to connect with someone in the startup world.,,,,,4,,,3,,,,,1 - Highest Priority,,,,,,,,,,,,,,,,,2,,
Emery Adams,emeryadams21@cornell.edu,"Graduate Student / Professional (Masters, PhD, MBA, JD, MD, etc.)",Graduate,NYC Area,Yes,School Of Veterinary Medicine,Yes,Navigating The Workforce,Other,No,,Currently pursuing a degree in Entrepreneurship and startups. Excited to connect with professionals in sustainability.,,,,,,,,,,,,,,,2,1 - Highest Priority,,,,,3,,,,,,,,,,,,
Ella Chen,ellachen38@yahoo.com,PCCW Mentor (Cornell Alum),,West Coast U.S.,Yes,Cornell Law School,No,"Navigating The Workforce, Career Guidance, First Generation Student Guidance",Cornell Tech,Yes,212-456-5641,Cornell alum working in Creative fields. Happy to share insights about careers in healthcare access.,,Graduate,1.0,,,5 - Lowest Priority,,,,1 - Highest Priority,,,,,,4,,,,,,3,,,,,,,,,,,2
Liliana Lopez,lilianalopez40@cornell.edu,Undergraduate,Undergraduate,East Coast U.S.,No,The Peter And Stephanie Nolan School Of Hotel Administration,Yes,"International Student Guidance, Career Guidance",First Gen,No,,I'm a senior studying Real estate at Cornell. I'm passionate about making an impact in innovation.,,,,,,3,2,,,,,,,,,,5 - Lowest Priority,,,,,,4,,,,,,,,1 - Highest Priority,,
Madison Flores,madisonflores66@cornell.edu,"Graduate Student / Professional (Masters, PhD, MBA, JD, MD, etc.)",Graduate,Other,Yes,School Of Veterinary Medicine,No,"International Student Guidance, Career Guidance",Graduate and Professional Students Assembly (GPSA),Yes,607-815-1558,I love IT and technology and hope to work in tech for good after graduation. Always eager to learn!,Available on weekday evenings only.,,,,,2,,,3,,,,,,,,,,,,1 - Highest Priority,,,,,,,,,,,,
Nova Wang,novawang11@icloud.com,PCCW Mentor (Cornell Alum),,NYC Area,Yes,College Of Arts And Sciences,Yes,"Career Guidance, Transitioning From Academia To Industry Or Navigating Career Changes",Panhellenic/Multicultural Greek Fraternal Council,Yes,212-173-5339,"Proud Cornell grad. Now working in Marketing, specializing in tech for good.",,,1.0,,,,4,,,,,,,,,,,,,,,,3,1 - Highest Priority,,,,,2,,,,
Quinn Chen,quinnchen23@cornell.edu,Undergraduate,Undergraduate,East Coast U.S.,Yes,Cornell Ann S. Bowers College Of Computing And Information Science,No,"Networking, Entrepreneurship And Startup Advice",Women's Leadership Initiative (WLI),Yes,607-160-3753,Cornell junior interested in IT and technology and looking to explore career paths in policy reform.,,,,,,,2,,,,,,,,,,4,,3,,1 - Highest Priority,,,,,,,,,5 - Lowest Priority,,,
Audrey Reyes,audreyreyes22@cornell.edu,"Graduate Student / Professional (Masters, PhD, MBA, JD, MD, etc.)",Graduate,NYC Area,No,The Samuel Curtis Johnson Graduate School Of Management.,No,"Career Guidance, Navigating The Workforce, Networking",Other,Yes,607-442-4117,I love Health and wellness and hope to work in healthcare access after graduation. Always eager to learn!,Looking for someone in NYC area if possible.,,,,,,,,,,,,,,,,,1 - Highest Priority,,,3,,,2,,,,,,,,,
Zoey Walker,zoeywalker88@yahoo.com,PCCW Mentor (Cornell Alum),,East Coast U.S.,No,College Of Engineering,No,"Career Guidance, First Generation Student Guidance, Public Service And Non-Profit Careers",GenEq - Gender Equity Resource Center,Yes,212-758-1698,Experienced professional in Business with 20 years in sustainability. Excited to give back.,,Both,2.0,,,,1 - Highest Priority,,2,,,,,4,,,,5 - Lowest Priority,,,,,,,,,,,3,,,,
Aubree Scott,aubreescott10@cornell.edu,Undergraduate,Undergraduate,East Coast U.S.,No,College Of Engineering,No,"Navigating The Workforce, Career Guidance",Panhellenic/Multicultural Greek Fraternal Council,No,,Passionate about Business with a growing interest in tech for good. Looking forward to mentorship.,,,,,,4,1 - Highest Priority,,,,,,,,,,3,,,,,,2,,,,,,,,,,
Amelia Chavez,ameliachavez91@gmail.com,PCCW Mentor (Cornell Alum),,NYC Area,Yes,Cornell Law School,No,"Public Service And Non-Profit Careers, Navigating The Workforce",Graduate and Professional Students Assembly (GPSA),Yes,212-269-1006,Experienced professional in IT and technology with 5 years in community building. Excited to give back.,,Undergraduate,1.0,,,,4,,3,,,,,,2,,,,,,1 - Highest Priority,,,,,,,,,,,,
Aurora Rivera,aurorarivera02@gmail.com,PCCW Mentor (Cornell Alum),,West Coast U.S.,Yes,Cornell University,No,"Navigating The Workforce, Career Guidance",Graduate and Professional Students Assembly (GPSA),Yes,212-833-6185,Senior Marketing professional with extensive experience in sustainability.,Happy to share my journey from undergrad to grad school.,Both,2.0,,,3,,,,,,,,,,2,,4,,,,,,1 - Highest Priority,,,,,,,,,
Mia Sharma,miasharma44@yahoo.com,PCCW Mentor (Cornell Alum),,NYC Area,No,Cornell University,No,Transitioning From Academia To Industry Or Navigating Career Changes,Panhellenic/Multicultural Greek Fraternal Council,No,,I've spent 12+ years in Policy and advocacy and love mentoring the next generation in innovation.,,Graduate,2.0,,,,,,,,,,,,3,,,,,,,2,,,,,,1 - Highest Priority,,,,,
Ellie Martin,elliemartin15@yahoo.com,PCCW Mentor (Cornell Alum),,East Coast U.S.,Yes,Cornell University,Yes,First Generation Student Guidance,Women's Leadership Initiative (WLI),No,,"Cornell alum working in Journalism, publishing and communications. Happy to share insights about careers in policy reform.",,Graduate,1.0,,,2,,,,,,,,,4,,,,,,3,1 - Highest Priority,,,,,,,,,,,
Madison Robinson,madisonrobinson52@outlook.com,PCCW Mentor (Cornell Alum),,East Coast U.S.,Yes,College Of Engineering,Yes,"Networking, Transitioning From Academia To Industry Or Navigating Career Changes",Other,Yes,212-135-6071,Cornell alum working in Business. Happy to share insights about careers in healthcare access.,,Undergraduate,1.0,,,,1 - Highest Priority,4,,,,,,,,,,,,,,,3,,,,2,,,,,,
Elizabeth Harris,elizabethharris30@cornell.edu,"Graduate Student / Professional (Masters, PhD, MBA, JD, MD, etc.)",Graduate,South Asia,Yes,School Of Veterinary Medicine,No,"Career Guidance, Work-Life Balance",Panhellenic/Multicultural Greek Fraternal Council,No,,I love Policy and advocacy and hope to work in community building after graduation. Always eager to learn!,Looking for someone in NYC area if possible.,,,,,3,,4,,,,,,,,,,,,,2,,5 - Lowest Priority,,,,,1 - Highest Priority,,,,,
Stella Vasquez,stellavasquez14@cornell.edu,"Graduate Student / Professional (Masters, PhD, MBA, JD, MD, etc.)",Graduate,NYC Area,Yes,Cornell Ann S. Bowers College Of Computing And Information Science,Yes,"Navigating The Workforce, Work-Life Balance, Transitioning From Academia To Industry Or Navigating Career Changes",Cornell Tech,No,,Aspiring Data and analytics professional with interests in social impact and making a difference.,Would love to connect with someone in the startup world.,,,,,,,,,,1 - Highest Priority,4.0,,,,,,,,,2,,,3,,,,,,,5 - Lowest Priority,,
Madison Mehta,madisonmehta60@cornell.edu,"Graduate Student / Professional (Masters, PhD, MBA, JD, MD, etc.)",Graduate,NYC Area,No,Graduate School Field Of Study,No,"Work-Life Balance, Career Guidance",Cornell Tech,No,,"Passionate about Biotech, pharmaceutical, life sciences, and medical devices with a growing interest in healthcare access. Looking forward to mentorship.",,,,,,1 - Highest Priority,,,,,3,,,,4,,,,,,,,,2,,,,,,,5 - Lowest Priority,,
Eleanor Harris,eleanorharris65@cornell.edu,"Graduate Student / Professional (Masters, PhD, MBA, JD, MD, etc.)",Graduate,East Coast U.S.,Yes,The Samuel Curtis Johnson Graduate School Of Management.,Yes,Transitioning From Academia To Industry Or Navigating Career Changes,Other,No,,"Passionate about Journalism, publishing and communications with a growing interest in community building. Looking forward to mentorship.",Prefer virtual meetings.,,,,,,,,,,,,,,,3,,2,,,,1 - Highest Priority,,,,,,,,,,,
Nova Wright,novawright06@cornell.edu,"Graduate Student / Professional (Masters, PhD, MBA, JD, MD, etc.)",Graduate,NYC Area,Yes,The Samuel Curtis Johnson Graduate School Of Management.,No,"Public Service And Non-Profit Careers, Transitioning From Academia To Industry Or Navigating Career Changes",Cornell Tech,Yes,607-716-6895,Cornell sophomore interested in Creative fields and looking to explore career paths in innovation.,Looking for someone in NYC area if possible.,,,,,,,,,1 - Highest Priority,,,,,,3,,,,,,,,,,2,,,,,,,
Amelia Flores,ameliaflores53@cornell.edu,Undergraduate,Undergraduate,NYC Area,Yes,The Peter And Stephanie Nolan School Of Hotel Administration,No,"Career Guidance, Work-Life Balance, Public Service And Non-Profit Careers",GenEq - Gender Equity Resource Center,No,,Passionate about IT and technology with a growing interest in diversity and inclusion. Looking forward to mentorship.,Would love to connect with someone in the startup world.,,,,3,,,,,,,,,,,,,,,,1 - Highest Priority,,,,,4,,,2,,,,
Adalynn Wilson,adalynnwilson03@gmail.com,PCCW Mentor (Cornell Alum),,East Coast U.S.,Yes,College Of Engineering,Yes,"Career Guidance, Work-Life Balance",Graduate and Professional Students Assembly (GPSA),Yes,212-624-6965,Experienced professional in Veterinary medicine with 8 years in entrepreneurship. Excited to give back.,,Undergraduate,2.0,,,,,,,,,,,,3,,,,,,2,,,4,,,,,,,,,1 - Highest Priority
Sarah Wilson,sarahwilson27@yahoo.com,PCCW Mentor (Cornell Alum),,Western Europe,Yes,Cornell Tech (NYC),Yes,"First Generation Student Guidance, Work-Life Balance",Other,No,,Cornell alum working in Engineering. Happy to share insights about careers in entrepreneurship.,I am a first-gen student and would appreciate any guidance.,Undergraduate,2.0,,,2,,,,,,,,,1 - Highest Priority,,,,,,,,5 - Lowest Priority,,,4,,,3,,,,
Josephine Campbell,josephinecampbell25@cornell.edu,"Graduate Student / Professional (Masters, PhD, MBA, JD, MD, etc.)",Graduate,UK,Yes,Graduate School Field Of Study,Yes,"Navigating The Workforce, Work-Life Balance, Transitioning From Academia To Industry Or Navigating Career Changes",Women's Leadership Initiative (WLI),Yes,607-256-9128,Cornell first-year interested in Business and looking to explore career paths in social impact.,Happy to meet once a month or more.,,,,,,1 - Highest Priority,,,,,,,,,,,,,,,,3,2,,,,,,,,,
Aubree Patel,aubreepatel70@gmail.com,PCCW Mentor (Cornell Alum),,East Coast U.S.,Yes,Johnson Graduate School Of Management,No,"Work-Life Balance, Career Guidance",GenEq - Gender Equity Resource Center,No,,Senior Medicine and healthcare professional with extensive experience in community building.,Happy to meet once a month or more.,Both,2.0,,,,,,,,,,,,,,,,,,3,,2,,,1 - Highest Priority,,,,,,,
Lucy Do,lucydo10@cornell.edu,"Graduate Student / Professional (Masters, PhD, MBA, JD, MD, etc.)",Graduate,NYC Area,No,Johnson Graduate School Of Management,Yes,Networking,Graduate and Professional Students Assembly (GPSA),No,,Passionate about Law and legal services with a growing interest in policy reform. Looking forward to mentorship.,Happy to meet once a month or more.,,,,,,,,,,,,,,2,3,,,,,4,,1 - Highest Priority,,,,,,,,5 - Lowest Priority,,
Allison Diaz,allisondiaz02@cornell.edu,"Graduate Student / Professional (Masters, PhD, MBA, JD, MD, etc.)",Graduate,Western Europe,Yes,Cornell Ann S. Bowers College Of Computing And Information Science,Yes,Career Guidance,GenEq - Gender Equity Resource Center,Yes,607-558-4282,I love Psychology and social work and hope to work in community building after graduation. Always eager to learn!,I am a first-gen student and would appreciate any guidance.,,,,,5 - Lowest Priority,,,,,,,,,2,,,,,,4,,,,,,3,,1 - Highest Priority,,,,
Violet King,violetking03@icloud.com,PCCW Mentor (Cornell Alum),,East Asia,Yes,Cornell SC Johnson College Of Business,No,Career Guidance,Panhellenic/Multicultural Greek Fraternal Council,Yes,212-933-1357,Cornell alum working in Business. Happy to share insights about careers in policy reform.,Happy to share my journey from undergrad to grad school.,Both,2.0,,2,,1 - Highest Priority,,,,,,,,,,4,,,,,,5 - Lowest Priority,,,3,,,,,,,
Zoe Campbell,zoecampbell68@cornell.edu,Undergraduate,Undergraduate,East Coast U.S.,No,Cornell SC Johnson College Of Business,No,"Transitioning From Academia To Industry Or Navigating Career Changes, Networking, Work-Life Balance",GenEq - Gender Equity Resource Center,No,,"I love Finance, investment and financial services and hope to work in diversity and inclusion after graduation. Always eager to learn!",,,,,,,,,,,,,,,,,1 - Highest Priority,,,,,,3,4,,2,,,,,,,
Claire Rivera,clairerivera00@icloud.com,PCCW Mentor (Cornell Alum),,NYC Area,No,College Of Engineering,No,Work-Life Balance,Other,No,,"Proud Cornell grad. Now working in Medicine and healthcare, specializing in policy reform.",Available on weekday evenings only.,Graduate,1.0,,,,3,,,4,,,,,5 - Lowest Priority,,,,,,,,,,,1 - Highest Priority,,,,2,,,
Savannah Sanchez,savannahsanchez96@cornell.edu,Undergraduate,Undergraduate,East Coast U.S.,Yes,Cornell Ann S. Bowers College Of Computing And Information Science,No,"Work-Life Balance, Career Guidance",First Gen,Yes,607-497-8207,Cornell first-year interested in Law and legal services and looking to explore career paths in community building.,,,,,,,,,,5 - Lowest Priority,,,,,,,2,3,,,4,,1 - Highest Priority,,,,,,,,,,
Willow Vasquez,willowvasquez27@cornell.edu,"Graduate Student / Professional (Masters, PhD, MBA, JD, MD, etc.)",Graduate,South Asia,Yes,College Of Engineering,Yes,"Work-Life Balance, Public Service And Non-Profit Careers",Other,Yes,607-980-9174,Currently pursuing a degree in Business. Excited to connect with professionals in policy reform.,Happy to meet once a month or more.,,,2,,,1 - Highest Priority,,,,,,,,,,,3,,,4,,,,,,,,,,,,
Mia Dang,miadang29@cornell.edu,"Graduate Student / Professional (Masters, PhD, MBA, JD, MD, etc.)",Graduate,Other,Yes,Cornell Tech (NYC),No,"First Generation Student Guidance, Entrepreneurship And Startup Advice, Transitioning From Academia To Industry Or Navigating Career Changes",GenEq - Gender Equity Resource Center,No,,Aspiring Medicine and healthcare professional with interests in entrepreneurship and making a difference.,,,,,,,2,,,,,,,,,,,,,,3,4,,,,1 - Highest Priority,,,,,,,
Peyton Vasquez,peytonvasquez97@gmail.com,PCCW Mentor (Cornell Alum),,West Coast U.S.,Yes,Cornell SC Johnson College Of Business,No,"Networking, Work-Life Balance, Transitioning From Academia To Industry Or Navigating Career Changes",GenEq - Gender Equity Resource Center,Yes,212-571-5564,Senior Veterinary medicine professional with extensive experience in tech for good.,Happy to meet once a month or more.,Graduate,1.0,,,3,4,2,,,,,,,,,,,,,,,,,,,,,,,,,1 - Highest Priority
Aubrey Rivera,aubreyrivera28@cornell.edu,"Graduate Student / Professional (Masters, PhD, MBA, JD, MD, etc.)",Graduate,Other,No,Weill Cornell Medicine (NYC),No,Transitioning From Academia To Industry Or Navigating Career Changes,Women's Leadership Initiative (WLI),Yes,607-462-5127,Passionate about Business with a growing interest in tech for good. Looking forward to mentorship.,Happy to share my journey from undergrad to grad school.,,,,,,1 - Highest Priority,,,,,,,,4,,,,,,3,,2,,,,,,,,,,
Mackenzie Baker,mackenziebaker45@cornell.edu,Undergraduate,Undergraduate,NYC Area,Yes,College Of Human Ecology,No,Work-Life Balance,Women's Leadership Initiative (WLI),Yes,607-643-5121,Passionate about Medicine and healthcare with a growing interest in tech for good. Looking forward to mentorship.,Looking for someone in NYC area if possible.,,,,2,,3,,,,,,,,,,5 - Lowest Priority,,,,,,4,,,1 - Highest Priority,,,,,,,
Addison Davis,addisondavis94@gmail.com,PCCW Mentor (Cornell Alum),,UK,Yes,Cornell SC Johnson College Of Business,No,Career Guidance,Women's Leadership Initiative (WLI),No,,Cornell alum working in Business. Happy to share insights about careers in entrepreneurship.,,Both,1.0,,,,1 - Highest Priority,,,,,,,,,,,,,,,,3,,,,2,,,,,,
Caroline Rivera,carolinerivera82@cornell.edu,Undergraduate,Undergraduate,East Coast U.S.,No,College Of Engineering,No,"Work-Life Balance, Career Guidance, Navigating The Workforce",Other,No,,Aspiring IT and technology professional with interests in community building and making a difference.,,,,,,,,,,,,,,2,,,,,,,1 - Highest Priority,,,,,,,,3,,,,
Sadie Desai,sadiedesai70@cornell.edu,Undergraduate,Undergraduate,East Asia,Yes,"College Of Architecture, Art, And Planning",No,"Work-Life Balance, International Student Guidance",Other,No,,"I'm a junior studying Finance, investment and financial services at Cornell. I'm passionate about making an impact in tech for good.",Prefer virtual meetings.,,,,,,,,,,,,,,3,,1 - Highest Priority,,,,2,,,,,,,,,,,,
Emilia Wang,emiliawang18@yahoo.com,PCCW Mentor (Cornell Alum),,West Coast U.S.,No,College Of Arts And Sciences,Yes,Transitioning From Academia To Industry Or Navigating Career Changes,Cornell Tech,No,,"Cornell alum working in Finance, investment and financial services. Happy to share insights about careers in innovation.",Would love to connect with someone in the startup world.,Both,2.0,,,,,,,,,,,,,,1 - Highest Priority,,,,2,,,,,3,,,,,,,
Amelia Gonzalez,ameliagonzalez49@cornell.edu,"Graduate Student / Professional (Masters, PhD, MBA, JD, MD, etc.)",Graduate,Western Europe,No,Johnson Graduate School Of Management,No,"Entrepreneurship And Startup Advice, Navigating The Workforce, Work-Life Balance",Cornell Tech,Yes,607-196-4278,I'm a first-year studying Medicine and healthcare at Cornell. I'm passionate about making an impact in entrepreneurship.,,,,,,,,,,,,,,,,3,,,,,4,,,,,1 - Highest Priority,,,5 - Lowest Priority,2,,,
Paisley Clark,paisleyclark62@cornell.edu,"Graduate Student / Professional (Masters, PhD, MBA, JD, MD, etc.)",Graduate,UK,Yes,Weill Cornell Medicine (NYC),No,Work-Life Balance,Women's Leadership Initiative (WLI),Yes,607-197-4303,"I'm a first-year studying Biotech, pharmaceutical, life sciences, and medical devices at Cornell. I'm passionate about making an impact in policy reform.",,,,,,1 - Highest Priority,,,,,,,,,,,2,,,,3,,,,,,,,,,,,
Willow Kaur,willowkaur93@cornell.edu,"Graduate Student / Professional (Masters, PhD, MBA, JD, MD, etc.)",Graduate,West Coast U.S.,Yes,Weill Cornell Medicine (NYC),No,Career Guidance,Graduate and Professional Students Assembly (GPSA),No,,Currently pursuing a degree in IT and technology. Excited to connect with professionals in tech for good.,,,,,,,2,5 - Lowest Priority,,,,,,,,4,,,,,1 - Highest Priority,,,,,,3,,,,,,
Bella Ramos,bellaramos29@cornell.edu,"Graduate Student / Professional (Masters, PhD, MBA, JD, MD, etc.)",Graduate,NYC Area,No,Weill Cornell Medicine (NYC),Yes,"Work-Life Balance, Transitioning From Academia To Industry Or Navigating Career Changes",Other,No,,Passionate about Engineering with a growing interest in tech for good. Looking forward to mentorship.,,,,,,,,,,,,,3,,1 - Highest Priority,,,,,,2,,,,,,,,,,,,
Chloe Brown,chloebrown37@cornell.edu,"Graduate Student / Professional (Masters, PhD, MBA, JD, MD, etc.)",Graduate,West Coast U.S.,Yes,Graduate School Field Of Study,Yes,"Public Service And Non-Profit Careers, First Generation Student Guidance",Women's Leadership Initiative (WLI),No,,Currently pursuing a degree in Health and wellness. Excited to connect with professionals in sustainability.,,,,,,,,,,2,,,,,,,,1 - Highest Priority,,,,3,,,,,,,,,,,
Hadley Robinson,hadleyrobinson97@cornell.edu,Undergraduate,Undergraduate,NYC Area,Yes,School Of Industrial And Labor Relations,No,"International Student Guidance, Career Guidance, Entrepreneurship And Startup Advice",First Gen,No,,Currently pursuing a degree in Business. Excited to connect with professionals in innovation.,,,,,,3,1 - Highest Priority,,,,,,,,,,,,,,,,,,,,,2,4,,,,
Chloe Morales,chloemorales10@icloud.com,PCCW Mentor (Cornell Alum),,East Coast U.S.,Yes,Cornell University,No,"Entrepreneurship And Startup Advice, First Generation Student Guidance, Public Service And Non-Profit Careers",Graduate and Professional Students Assembly (GPSA),Yes,212-530-6049,"Proud Cornell grad. Now working in Biotech, pharmaceutical, life sciences, and medical devices, specializing in policy reform.",Available on weekday evenings only.,Graduate,2.0,,,1 - Highest Priority,,,,,,,,,,3,,,,,,,,,,4,,,2,,,,
Aaliyah Sharma,aaliyahsharma64@yahoo.com,PCCW Mentor (Cornell Alum),,NYC Area,Yes,Cornell Tech (NYC),Yes,"Public Service And Non-Profit Careers, First Generation Student Guidance, Navigating The Workforce",Other,No,,"Proud Cornell grad. Now working in Biotech, pharmaceutical, life sciences, and medical devices, specializing in innovation.",Happy to meet once a month or more.,,1.0,,,1 - Highest Priority,,,,,,,,,,,,,,,,,2,,,,,,3,,,,
Sophie Do,sophiedo73@yahoo.com,PCCW Mentor (Cornell Alum),,NYC Area,Yes,College Of Engineering,No,"International Student Guidance, Navigating The Workforce, Work-Life Balance",Cornell Tech,Yes,212-867-3281,I've spent 8+ years in Marketing and love mentoring the next generation in tech for good.,,Undergraduate,1.0,,,,2,,,,,,,,,,3,,,,,,,1 - Highest Priority,,,,,,,,,
Sadie Chavez,sadiechavez03@cornell.edu,"Graduate Student / Professional (Masters, PhD, MBA, JD, MD, etc.)",Graduate,South Asia,Yes,The Samuel Curtis Johnson Graduate School Of Management.,Yes,"Work-Life Balance, Career Guidance, Navigating The Workforce",Cornell Tech,Yes,607-773-2122,Passionate about IT and technology with a growing interest in policy reform. Looking forward to mentorship.,Looking for someone in NYC area if possible.,,,,,4,,,,,3,,,,,2,,,,,1 - Highest Priority,,,,,,,,,,,,
Nevaeh Anderson,nevaehanderson74@cornell.edu,Undergraduate,Undergraduate,NYC Area,Yes,"College Of Architecture, Art, And Planning",Yes,"Work-Life Balance, Navigating The Workforce",GenEq - Gender Equity Resource Center,No,,Currently pursuing a degree in Health and wellness. Excited to connect with professionals in financial inclusion.,,,,,,3,5 - Lowest Priority,,,,,,,,,,4,1 - Highest Priority,,,2,,,,,,,,,,,,
Audrey Patel,audreypatel44@cornell.edu,"Graduate Student / Professional (Masters, PhD, MBA, JD, MD, etc.)",Graduate,West Coast U.S.,Yes,Cornell Law School,Yes,"Transitioning From Academia To Industry Or Navigating Career Changes, Navigating The Workforce, Work-Life Balance",GenEq - Gender Equity Resource Center,No,,I love IT and technology and hope to work in community building after graduation. Always eager to learn!,Available on weekday evenings only.,,,,,,3,2,,,,,,,,,,,,,1 - Highest Priority,,,,,,,,,,,,
Olivia Nguyen,olivianguyen87@outlook.com,PCCW Mentor (Cornell Alum),,East Coast U.S.,Yes,Cornell University,No,"Navigating The Workforce, Work-Life Balance, Career Guidance",Women's Leadership Initiative (WLI),No,,Cornell alum working in Engineering. Happy to share insights about careers in community building.,,Undergraduate,3.0,,,,,,,,,,,,1 - Highest Priority,,,,,,,3,2,,,,,,,,,,
Kennedy Vasquez,kennedyvasquez55@cornell.edu,"Graduate Student / Professional (Masters, PhD, MBA, JD, MD, etc.)",Graduate,South Asia,Yes,Graduate School Field Of Study,No,"Work-Life Balance, Career Guidance, Navigating The Workforce",Women's Leadership Initiative (WLI),No,,Cornell sophomore interested in Medicine and healthcare and looking to explore career paths in tech for good.,,,,,,,4,,,,,,,,,,,3,,,2,,,,,1 - Highest Priority,,,,,,,
Ruby Castillo,rubycastillo22@cornell.edu,"Graduate Student / Professional (Masters, PhD, MBA, JD, MD, etc.)",Graduate,West Coast U.S.,Yes,Cornell Tech (NYC),Yes,Entrepreneurship And Startup Advice,Women's Leadership Initiative (WLI),No,,Passionate about Data and analytics with a growing interest in diversity and inclusion. Looking forward to mentorship.,Prefer virtual meetings.,,,,5 - Lowest Priority,4,,,,,1 - Highest Priority,,,,,,,,,,3,,2,,,,,,,,,,
Aisha Jones,aishajones61@cornell.edu,Undergraduate,Undergraduate,NYC Area,No,"College Of Architecture, Art, And Planning",Yes,"Entrepreneurship And Startup Advice, First Generation Student Guidance, Work-Life Balance",Panhellenic/Multicultural Greek Fraternal Council,No,,Cornell senior interested in Medicine and healthcare and looking to explore career paths in social impact.,Happy to meet once a month or more.,,,,,,4,,,,,,,,3,,,,,,5 - Lowest Priority,,2,,,1 - Highest Priority,,,,,,,
Mia Perez,miaperez72@cornell.edu,"Graduate Student / Professional (Masters, PhD, MBA, JD, MD, etc.)",Graduate,NYC Area,Yes,Cornell Tech (NYC),No,"Career Guidance, First Generation Student Guidance, Public Service And Non-Profit Careers",Graduate and Professional Students Assembly (GPSA),Yes,607-462-9130,I'm a junior studying IT and technology at Cornell. I'm passionate about making an impact in tech for good.,,,,,,2,,,,,,,,,3,,,,,,1 - Highest Priority,,,,,,,,,4,,,
Abigail Rivera,abigailrivera54@cornell.edu,"Graduate Student / Professional (Masters, PhD, MBA, JD, MD, etc.)",Graduate,East Coast U.S.,Yes,The Samuel Curtis Johnson Graduate School Of Management.,Yes,"Career Guidance, Navigating The Workforce",Building Ourselves Through Sisterhood and Service (BOSS),Yes,607-583-8181,Aspiring Hospitality professional with interests in innovation and making a difference.,Happy to meet once a month or more.,,,,,,,2,,,,,,,3,,,,1 - Highest Priority,,,,4,,,,,,,,,,
Clara Diaz,claradiaz85@cornell.edu,"Graduate Student / Professional (Masters, PhD, MBA, JD, MD, etc.)",Graduate,NYC Area,Yes,Cornell Law School,No,International Student Guidance,Other,Yes,607-747-8708,Cornell junior interested in Public service and government and looking to explore career paths in financial inclusion.,Happy to share my journey from undergrad to grad school.,,,,,,,,,,,,,,,3,2,,,,,,4,,,,,,,1 - Highest Priority,,,
Liliana Castillo,lilianacastillo82@yahoo.com,PCCW Mentor (Cornell Alum),,East Coast U.S.,Yes,Cornell Law School,No,"Transitioning From Academia To Industry Or Navigating Career Changes, Navigating The Workforce, Career Guidance",Other,No,,I've spent 15+ years in Creative fields and love mentoring the next generation in diversity and inclusion.,,Undergraduate,1.0,,,,,,,1 - Highest Priority,,,,,,,,,,,,,3,,,2,,,,,,,
Stella Harris,stellaharris11@yahoo.com,PCCW Mentor (Cornell Alum),,Western Europe,No,Cornell University,No,Career Guidance,Graduate and Professional Students Assembly (GPSA),No,,"Proud Cornell grad. Now working in Law and legal services, specializing in innovation.",,Both,1.0,,,4,2,,,,,,,,,,,,,,,,1 - Highest Priority,,,,,,,,,,3
Chloe Young,chloeyoung74@cornell.edu,"Graduate Student / Professional (Masters, PhD, MBA, JD, MD, etc.)",Graduate,East Coast U.S.,No,Cornell Ann S. Bowers College Of Computing And Information Science,No,"Networking, Work-Life Balance",Women's Leadership Initiative (WLI),No,,Passionate about Law and legal services with a growing interest in innovation. Looking forward to mentorship.,,,,,,5 - Lowest Priority,,,,,,,,,,,2,,,,,4,1 - Highest Priority,3,,,,,,,,,
Peyton Nguyen,peytonnguyen86@icloud.com,PCCW Mentor (Cornell Alum),,NYC Area,Yes,Cornell Tech (NYC),No,"Navigating The Workforce, Work-Life Balance, Career Guidance",First Gen,Yes,212-363-7630,Experienced professional in Law and legal services with 20 years in tech for good. Excited to give back.,Available on weekday evenings only.,Graduate,2.0,,,,,,,,,,,,,,,,,,3,,1 - Highest Priority,,,,,,,,,,2
Olivia Moreno,oliviamoreno82@icloud.com,PCCW Mentor (Cornell Alum),,NYC Area,Yes,Weill Cornell Medicine (NYC),Yes,"Work-Life Balance, Career Guidance",Cornell Tech,Yes,212-992-9134,Experienced professional in Marketing with 8 years in entrepreneurship. Excited to give back.,Available on weekday evenings only.,Both,1.0,,,,,,,,,3.0,,4,,5 - Lowest Priority,,,,,,,2,1 - Highest Priority,,,,,,,,,
Mia Miller,miamiller96@cornell.edu,"Graduate Student / Professional (Masters, PhD, MBA, JD, MD, etc.)",Graduate,East Coast U.S.,No,Cornell Tech (NYC),Yes,Entrepreneurship And Startup Advice,Women's Leadership Initiative (WLI),No,,Passionate about Engineering with a growing interest in entrepreneurship. Looking forward to mentorship.,,,,,,,3,,,,,,,,1 - Highest Priority,,,,,,,,2,,,,,,,,,,
