Full Name,Email Address,Are you a/an ,What organization are you affiliated with?,What organization are you affiliated with?.1,Which level of student do you wish to mentor (check all the apply),How many mentees do you wish to mentor?,"If you already are mentoring students via PCCW, please write in the exact number you are mentoring ",What is your field of interest/expertise? *please check up to 5 areas; this will prioritize your matching. [Academia and research],What is your field of interest/expertise? *please check up to 5 areas; this will prioritize your matching. [Architecture and urban planning],"What is your field of interest/expertise? *please check up to 5 areas; this will prioritize your matching. [Biotech, pharmaceutical, life sciences, and medical devices]",What is your field of interest/expertise? *please check up to 5 areas; this will prioritize your matching. [Business],What is your field of interest/expertise? *please check up to 5 areas; this will prioritize your matching. [Consulting and strategy],What is your field of interest/expertise? *please check up to 5 areas; this will prioritize your matching. [Corporate and general management],What is your field of interest/expertise? *please check up to 5 areas; this will prioritize your matching. [Creative fields],What is your field of interest/expertise? *please check up to 5 areas; this will prioritize your matching. [Data and analytics],What is your field of interest/expertise? *please check up to 5 areas; this will prioritize your matching. [Design],What is your field of interest/expertise? *please check up to 5 areas; this will prioritize your matching. [Education],"What is your field of interest/expertise? *please check up to 5 areas; this will prioritize your matching. [Energy, sustainability and the environment]",What is your field of interest/expertise? *please check up to 5 areas; this will prioritize your matching. [Engineering],What is your field of interest/expertise? *please check up to 5 areas; this will prioritize your matching. [Entrepreneurship and startups],"What is your field of interest/expertise? *please check up to 5 areas; this will prioritize your matching. [Finance, investment and financial services]",What is your field of interest/expertise? *please check up to 5 areas; this will prioritize your matching. [Health and wellness],What is your field of interest/expertise? *please check up to 5 areas; this will prioritize your matching. [Hospitality],What is your field of interest/expertise? *please check up to 5 areas; this will prioritize your matching. [Human resources],What is your field of interest/expertise? *please check up to 5 areas; this will prioritize your matching. [IT and technology],"What is your field of interest/expertise? *please check up to 5 areas; this will prioritize your matching. [Journalism, publishing and communications]",What is your field of interest/expertise? *please check up to 5 areas; this will prioritize your matching. [Law and legal services],What is your field of interest/expertise? *please check up to 5 areas; this will prioritize your matching. [Marketing],What is your field of interest/expertise? *please check up to 5 areas; this will prioritize your matching. [Media and entertainment],What is your field of interest/expertise? *please check up to 5 areas; this will prioritize your matching. [Medicine and healthcare],What is your field of interest/expertise? *please check up to 5 areas; this will prioritize your matching. [Non-profit and social enterprise],What is your field of interest/expertise? *please check up to 5 areas; this will prioritize your matching. [Policy and advocacy],What is your field of interest/expertise? *please check up to 5 areas; this will prioritize your matching. [Psychology and social work],What is your field of interest/expertise? *please check up to 5 areas; this will prioritize your matching. [Public service and government],What is your field of interest/expertise? *please check up to 5 areas; this will prioritize your matching. [Real estate],What is your field of interest/expertise? *please check up to 5 areas; this will prioritize your matching. [Retail and consumer goods],What is your field of interest/expertise? *please check up to 5 areas; this will prioritize your matching. [Veterinary medicine],"Would you like your match to be based, in part, on your location?",Your location/where you wish to work (mentees) or reside (mentors); click all that apply that you want to be considered in match,"Would you like your match to be based, in part, on specific career advice you are seeking or want to provide?",Click all career advice areas that apply,"Would you like your match to be based, in part, on your college/school affiliation(s) at Cornell? Graduate students please indicate the college that most closely relates to your Field of Study administered by the Graduate School or professional degree you are obtaining.",Click all that apply,Unnamed: 43,Unnamed: 44
Pamela Wilson,pwilson@cornell.edu,Undergraduate student,Other,,,,,,,,,,,,,,,,,,,,,,,,,2nd,3rd,,,,,,,1st Choice,,Yes,NYC area,Yes,"Career guidance. (Note to Mentees: Cornell Career Services provides resume, interviewing and internship/job search strategies. Mentors can provide guidance on excelling in competitive recruitment processes, exploring options and making informed decisions.), Entrepreneurship and Startup Advice, Networking",Yes,College of Human Ecology,"While studying Fashion Management, I’m passionate about the intersection of fashion, business, and leadership. Through digital storytelling, ive always embraced creativity and initiative to amplify my presence and influence through media.",
Timothy Rivera,timothyr@cornell.edu,PCCW member,,,"Undergraduate students, Graduate students",2.0,,,,,,,3rd,,,,,,,2nd,,,1st Choice,,,,,,,,,,,,,,,Yes,"East Coast U.S., NYC area",No,,Yes,Nolan School of Hotel Administration,,
Amelia King,aking@cornell.edu,Graduate student,,Other,,,,,,,,3rd,2nd,,,,,,5th,4th,,,,,1st Choice,,,,,,,,,,,,,No,,Yes,"Career guidance. (Note to Mentees: Cornell Career Services provides resume, interviewing and internship/job search strategies. Mentors can provide guidance on excelling in competitive recruitment processes, exploring options and making informed decisions.), International student guidance, Networking",Yes,"Cornell Ann S. Bowers College of Computing and Information Science, College of Engineering, Johnson Graduate School of Management","I am pursuing a Master's of Engineering degree in Computer Science. I completed my undergraduate degree in Computer Science in 2021 and worked for Anheuser Busch InBev for about 5 years, my last role being an Associate Product Manager in the Tech Team. ",
Angela Rogers,angela_rogers@cornell.edu,Undergraduate student,First Gen,,,,,3rd,,,,,,,,2nd,,,1st Choice,,,,,,,,,,,,,,,,,,,Yes,"East Coast U.S., NYC area",Yes,"Work-Life Balance, Career guidance. (Note to Mentees: Cornell Career Services provides resume, interviewing and internship/job search strategies. Mentors can provide guidance on excelling in competitive recruitment processes, exploring options and making informed decisions.), Navigating the workforce, Transitioning from academia to industry or navigating career changes, First Generation student guidance, Networking",Yes,College of Engineering,"I am a first-generation college student, seeking a career in Civil Engineering, hoping to seek a career in creating sustainable infrastructure. I am also interested in possibly pursuing a MEng in Environmental Engineering. ",
Stephanie Robinson,stephanier@cornell.edu,Undergraduate student,Other,,,,,1st Choice,,,,,,,,,5th,,,,,,,,,4th,,,,,2nd,3rd,,,,,,Yes,"East Coast U.S., West Coast U.S., NYC area, Western Europe, UK, Midwest U.S.",Yes,"Work-Life Balance, Career guidance. (Note to Mentees: Cornell Career Services provides resume, interviewing and internship/job search strategies. Mentors can provide guidance on excelling in competitive recruitment processes, exploring options and making informed decisions.), Navigating the workforce, Public Service and Non-Profit Careers, Networking",Yes,College of Arts and Sciences,"Hi! My name is Annie, and I am a sophomore in the College of Arts & Sciences, studying History and German Studies. I am from Milwaukee, Wisconsin. I am interested in entering academia or non-profit work after graduation, and would love to hear about career paths and your experience post-undergrad!",
James Chavez,jamesc@cornell.edu,PCCW member,,,"Undergraduate students, Graduate students",1.0,1,,,,,2nd,,,,,,,3rd,,,,,1st Choice,,,,,,,,,,,,,,No,,Yes,"Work-Life Balance, Career guidance. (Note to Mentees: Cornell Career Services provides resume, interviewing and internship/job search strategies. Mentors can provide guidance on excelling in competitive recruitment processes, exploring options and making informed decisions.), Navigating the workforce, Transitioning from academia to industry or navigating career changes, First Generation student guidance, Networking",No,,"Graduation Year, College, Major: 2006, College of Engineering, Chemical Engineering
Geography: Philadelphia
Industry: Food and Beverage (Campbell’s), Human Resources
Other Expertise: Process Engineer (Oil & Gas), Management Consulting (McKinsey & Company) and finally, HR (Campbell’s)",
Joan Howard,j.howard95@cornell.edu,Undergraduate student,Panhellenic/Multicultural Greek Fraternal Council,,,,,,,,,,,,,,,,,,,,,,,,2nd,,,,,3rd,,1st Choice,,,,No,,No,,No,,"I am a public health student interested in working in health care policy (particularly public health insurance), and I eventually would like to pursue a career in health care law. Specifically, I eventually hope to work for the Department of Labor or HHS on their legal team (e.g. OGC). ",
George Nguyen,gnguyen@cornell.edu,Graduate student,,Graduate and Professional Students Assembly. (GPSA),,,,1st Choice,,,,,,,,,,,,,,,,,,,,,,,,,,,,,,No,,Yes,"Career guidance. (Note to Mentees: Cornell Career Services provides resume, interviewing and internship/job search strategies. Mentors can provide guidance on excelling in competitive recruitment processes, exploring options and making informed decisions.), International student guidance, Networking",Yes,"College of Arts and Sciences, Literature, archaeology, religion, culture","I am a second-year PhD student at the History of Art and Visual Studies, and my major is Classical Archaeology. I am an international student and I appreciate your advice!",
Justin Morris,jmorris@cornell.edu,Undergraduate student,First Gen,,,,,,,,,,3rd,,,,,4th,,,,,,,,5th,1st Choice,,,,,2nd,,,,,,Yes,NYC area,Yes,"Work-Life Balance, Career guidance. (Note to Mentees: Cornell Career Services provides resume, interviewing and internship/job search strategies. Mentors can provide guidance on excelling in competitive recruitment processes, exploring options and making informed decisions.), Navigating the workforce, First Generation student guidance, Networking",Yes,"Cornell Jeb E. Brooks School of Public Policy, Cornell Law School",I am a current undergraduate first-year majoring in Public Policy. I hope to apply to a top law school right out of college.,
Dorothy Thompson,dorothythompson34@cornell.edu,Undergraduate student,First Gen,,,,,2nd,,,,,,,,,,,,,,3rd,,,,,,,,1st Choice,,,4th,,,,,No,,Yes,"Work-Life Balance, Career guidance. (Note to Mentees: Cornell Career Services provides resume, interviewing and internship/job search strategies. Mentors can provide guidance on excelling in competitive recruitment processes, exploring options and making informed decisions.), Navigating the workforce, First Generation student guidance",Yes,College of Agriculture and Life Sciences,"Hi, I’m Nevaeh! I’m a junior biological sciences student studying biochemistry on the pre-med track and love to learn about medicine. I like to chat about anything, stay productive, and try new things.",
Susan Sanchez,susan_sanchez@cornell.edu,Undergraduate student,"Panhellenic/Multicultural Greek Fraternal Council, Other",,,,,,,,2nd,5th,,,,,,,,,1st Choice,,,,,,3rd,,4th,,,,,,,,,Yes,"East Coast U.S., NYC area, Texas",Yes,"Work-Life Balance, Career guidance. (Note to Mentees: Cornell Career Services provides resume, interviewing and internship/job search strategies. Mentors can provide guidance on excelling in competitive recruitment processes, exploring options and making informed decisions.), Navigating the workforce, Networking",Yes,School of Industrial and Labor Relations,"I’m Isabella Ireland, a senior in Cornell’s ILR School with minors in Business and Law & Society. I’m originally from San Antonio, and after graduating this spring, I’ll return to Rockefeller Capital Management in NYC to join the Strategic Partnerships & Community Impact team.",
Donald Perez,donald_perez@cornell.edu,PCCW member,,,Graduate students,1.0,,,,,,,,,,,,,,1st Choice,,,,,,2nd,,,,,3rd,4th,,5th,,,,No,,Yes,"Work-Life Balance, Career guidance. (Note to Mentees: Cornell Career Services provides resume, interviewing and internship/job search strategies. Mentors can provide guidance on excelling in competitive recruitment processes, exploring options and making informed decisions.), Public Service and Non-Profit Careers, Entrepreneurship and Startup Advice, Transitioning from academia to industry or navigating career changes, First Generation student guidance, Networking",No,,"I'm a social entrepreneur, speaker and author who has changed careers 3 times! I spent 15 years in public policy at the intersection of public health and emergency management, completed a PhD, and started an online company, ProFellow, which I now run.",
Kelly Harris,kelly.harris@cornell.edu,PCCW member,,,Undergraduate students,1.0,,,,,3rd,1st Choice,,,,,,2nd,4th,,,,,,,,,,,,,,,,,,,No,,No,,No,,"Leader with work experience at Google, McKinsey, small start-ups, and in healthcare. ",
Jeffrey Brown,j.brown36@cornell.edu,PCCW member,,,"Undergraduate students, Graduate students",3.0,,,,,2nd,1st Choice,,,,,,,,,3rd,,,4th,,,,,,,,,,,,,,No,,No,,Yes,"College of Human Ecology, Cornell Jeb E. Brooks School of Public Policy",,
Margaret Jenkins,margaretjenkins69@cornell.edu,PCCW member,,,"Undergraduate students, Graduate students",1.0,3,,,,3rd,,4th,,,,,,,1st Choice,2nd,,,,,,,,,,,,,,5th,,,Yes,"East Coast U.S., NYC area",No,,No,,,
Richard Cox,rcox@cornell.edu,PCCW member,,,"Undergraduate students, Graduate students",3.0,,,,,5th,4th,2nd,,,,,,1st Choice,,,,,,,,,,,,,,,,,3rd,,No,,Yes,"Work-Life Balance, Career guidance. (Note to Mentees: Cornell Career Services provides resume, interviewing and internship/job search strategies. Mentors can provide guidance on excelling in competitive recruitment processes, exploring options and making informed decisions.), Navigating the workforce, Transitioning from academia to industry or navigating career changes, First Generation student guidance, Networking",Yes,College of Engineering,,
Anthony Lopez,a.lopez55@cornell.edu,Undergraduate student,First Gen,,,,,4th,,,2nd,,,,,,,5th,,3rd,1st Choice,,,,,,,,,,,,,,,,,No,,Yes,"Career guidance. (Note to Mentees: Cornell Career Services provides resume, interviewing and internship/job search strategies. Mentors can provide guidance on excelling in competitive recruitment processes, exploring options and making informed decisions.), Navigating the workforce, Transitioning from academia to industry or navigating career changes, Networking",Yes,"College of Arts and Sciences, Cornell SC Johnson College of Business","I’m Zhuoran Zhao, an Economics major minoring in Business and Data Science. I’m interested in investment banking and also in sustainability and social impact. I’m eager to join programs or research aligned with these areas.",
Betty Wilson,b.wilson99@cornell.edu,Undergraduate student,Women's Leadership Initiative (WLI),,,,,3rd,,2nd,,,,,4th,,,,1st Choice,,,,,,5th,,,,,,,,,,,,,Yes,"East Coast U.S., West Coast U.S., NYC area",Yes,"Career guidance. (Note to Mentees: Cornell Career Services provides resume, interviewing and internship/job search strategies. Mentors can provide guidance on excelling in competitive recruitment processes, exploring options and making informed decisions.), Navigating the workforce, Public Service and Non-Profit Careers, Transitioning from academia to industry or navigating career changes, Networking",Yes,College of Engineering,"I'm a freshman intending on majoring in ChemE with a focus on computer optimization & big data analytics as well as a minor in ORIE. Currently, I'm looking to do undergrad research and graduate with an M.Eng in ChemE or Systems Eng through the Early Admit M.Eng program and go straight into industry.",
Donald Jenkins,donaldj@cornell.edu,PCCW member,,,Graduate students,1.0,,,,,,,,,,,,,,,1st Choice,,,,,,,,,,2nd,,,,,,,Yes,West Coast U.S.,No,,Yes,"Cornell SC Johnson College of Business, MBA","I am a 1996 Cornell graduate, and obtained my MBA from Columbia Business School in 200, and am a CFA Charterholder.  I am currently Assistant Treasurer for Kaiser Permanente, the largest not-for-profit integrated health system in the US. Prior to joining KP I spent ten years in investment banking.",
Victoria Patel,vpatel@cornell.edu,Graduate student,,Other,,,,,,,,2nd,,,,3rd,,,,,,,,,,,,,,4th,1st Choice,,,5th,,,,No,,Yes,"Work-Life Balance, Career guidance. (Note to Mentees: Cornell Career Services provides resume, interviewing and internship/job search strategies. Mentors can provide guidance on excelling in competitive recruitment processes, exploring options and making informed decisions.), Navigating the workforce, Public Service and Non-Profit Careers, Transitioning from academia to industry or navigating career changes, First Generation student guidance, Networking",Yes,Cornell Jeb E. Brooks School of Public Policy,"Mouda is an MPA student at Cornell focused on systems thinking, public policy, and community-centered development, with a strong commitment to equity and access. She brings leadership and research experience, and is passionate about translating ideas into meaningful, real-world impact.",
George Perry,gperry@cornell.edu,PCCW member,,,Undergraduate students,1.0,,,,,,,,,,,,,,,,2nd,,,,,,,,,,,1st Choice,,,,,Yes,East Coast U.S.,Yes,"Work-Life Balance, Networking",Yes,College of Human Ecology,"After a 25 year career in healthcare public relations, I returned to graduate school and obtained a masters in mental health counseling. I am now in full-time private practice and treat individuals with a wide range of mental health concerns.  ",
Kathleen Price,kathleen.price@cornell.edu,Graduate student,,Graduate and Professional Students Assembly. (GPSA),,,,,,,,,,,,,,2nd,,3rd,,1st Choice,,,,,,,,4th,,5th,,,,,,No,,Yes,"Career guidance. (Note to Mentees: Cornell Career Services provides resume, interviewing and internship/job search strategies. Mentors can provide guidance on excelling in competitive recruitment processes, exploring options and making informed decisions.), Navigating the workforce, Entrepreneurship and Startup Advice, First Generation student guidance, Networking",Yes,"School of Veterinary Medicine, Graduate School Field of Study","Merelis Ortiz is pursuing her MPH in Food Systems and Health, applying systems thinking to bridge nutrition, food safety, and community engagement for equitable outcomes. She seeks global opportunities, advancing climate resiliency and exploring B Corps to launch a wellness-focused enterprise.",
Ryan Sanders,ryansanders97@cornell.edu,PCCW member,,,Graduate students,1.0,,3rd,,,,,,,,,,,,,,4th,,,,,,,,2nd,,,1st Choice,,,,,Yes,"East Coast U.S., West Coast U.S., NYC area",Yes,"Work-Life Balance, Career guidance. (Note to Mentees: Cornell Career Services provides resume, interviewing and internship/job search strategies. Mentors can provide guidance on excelling in competitive recruitment processes, exploring options and making informed decisions.), Navigating the workforce, First Generation student guidance",No,,"I am a psychologist at Stanford University Counseling and Psychological Services.  I specialize in individual therapy for students at Stanford, and I also maintain a private practice, treating patients with a broad range of clinical concerns.   I attended Cornell as an undergrad.",
Helen Lewis,h.lewis9@cornell.edu,Graduate student,,Graduate and Professional Students Assembly. (GPSA),,,,1st Choice,,,,,,,3rd,,,,,,,,,,,,,,,,,,2nd,,,,,No,,Yes,"Work-Life Balance, Career guidance. (Note to Mentees: Cornell Career Services provides resume, interviewing and internship/job search strategies. Mentors can provide guidance on excelling in competitive recruitment processes, exploring options and making informed decisions.), Navigating the workforce, Transitioning from academia to industry or navigating career changes",Yes,College of Arts and Sciences,"Hi! I am a 5th year PhD in Social Psychology, studying social status: how people think about it and how it affects behavior and well-being. I enjoy research and data analysis but I'm hoping for a career with real-world impact and work-life balance, so I'm considering industry options.",
Jerry Ross,j.ross50@cornell.edu,Graduate student,,Graduate and Professional Students Assembly. (GPSA),,,,,,4th,,1st Choice,3rd,,,,,,,,2nd,,,,,,,,,5th,,,,,,,,Yes,"East Coast U.S., NYC area",Yes,"Career guidance. (Note to Mentees: Cornell Career Services provides resume, interviewing and internship/job search strategies. Mentors can provide guidance on excelling in competitive recruitment processes, exploring options and making informed decisions.), Navigating the workforce, International student guidance, Transitioning from academia to industry or navigating career changes, First Generation student guidance, Networking",No,,I am a fifth-year PhD student in Biomedical Engineering specializing in immuno-oncology. I am a lifelong learner exploring opportunities beyond academia particularly in consulting and private equity and would greatly value guidance on navigating corporate world as an international student. ,
Cynthia Wilson,cynthiawilson4@cornell.edu,Graduate student,,Graduate and Professional Students Assembly. (GPSA),,,,,,,,,,,,,,3rd,2nd,,,,,,,,,,,,1st Choice,,,,,,,No,,Yes,"Public Service and Non-Profit Careers, Transitioning from academia to industry or navigating career changes",Yes,College of Engineering,"I’m an engineer who studies renewable energy optimization in grad school and leads disability and neurodiversity advocacy on the side. I am disillusioned with corporate, academic, and government systems and looking for a career path that can maximize positive impact while combining my interests.",
Ronald Davis,ronald_davis@cornell.edu,Undergraduate student,Panhellenic/Multicultural Greek Fraternal Council,,,,,,,,1st Choice,3rd,4th,,,,,,,,,,,,,,,2nd,,,,,,,5th,,,Yes,"East Coast U.S., NYC area",Yes,"Work-Life Balance, Career guidance. (Note to Mentees: Cornell Career Services provides resume, interviewing and internship/job search strategies. Mentors can provide guidance on excelling in competitive recruitment processes, exploring options and making informed decisions.), Navigating the workforce, Networking",Yes,"Cornell SC Johnson College of Business, Nolan School of Hotel Administration","Hi! My name is Mikayla Tow and I am a current Sophomore student studying Hotel Administration and pursuing minors in Psychology and Real Estate. I am considering pursuing a career in marketing, real estate, or consulting, but I'm still trying to figure it out!",
Samantha Myers,samantha_myers@cornell.edu,Graduate student,,Graduate and Professional Students Assembly. (GPSA),,,,1st Choice,,,,,,,2nd,,,,,,,,,,4th,,,,,,3rd,5th,,,,,,Yes,"East Coast U.S., West Coast U.S., NYC area, Western Europe, Eastern Europe, UK, East Asia",Yes,"Navigating the workforce, Public Service and Non-Profit Careers, International student guidance, Transitioning from academia to industry or navigating career changes, Networking",Yes,School of Industrial and Labor Relations,"First-year PhD student in ILR studying how AI and digital platforms reshape work, inequality, and labor relations. I use computational methods and large-scale text analysis. Seeking guidance on building an interdisciplinary career and translating research on technology and work into broader impact.",
Jackson Mendoza,jacksonm@cornell.edu,PCCW member,,,"Undergraduate students, Graduate students",4.0,2,,,,,,,,,,,,,3rd,1st Choice,,,,,,,,,,,,,,,2nd,,No,,Yes,"Work-Life Balance, Career guidance. (Note to Mentees: Cornell Career Services provides resume, interviewing and internship/job search strategies. Mentors can provide guidance on excelling in competitive recruitment processes, exploring options and making informed decisions.), Navigating the workforce, Entrepreneurship and Startup Advice, Networking",Yes,"College of Agriculture and Life Sciences, Charles H. Dyson School of Applied Economics and Management, College of Engineering",,
Edward Lopez,edward_lopez@cornell.edu,PCCW member,,,Graduate students,1.0,,,,,,,,,,,,,,,,,,,,,,,,1st Choice,,,,,,,,No,,Yes,"Work-Life Balance, Career guidance. (Note to Mentees: Cornell Career Services provides resume, interviewing and internship/job search strategies. Mentors can provide guidance on excelling in competitive recruitment processes, exploring options and making informed decisions.), Navigating the workforce, Public Service and Non-Profit Careers, First Generation student guidance, Networking",Yes,"College of Human Ecology, Weill Cornell Medicine (NYC), Weill Cornell Graduate School of Medical Sciences (NYC)",,
Mark Robinson,mark.robinson@cornell.edu,PCCW member,,,Graduate students,2.0,,,,,2nd,,,,,,,,,,5th,,,4th,3rd,,1st Choice,,,,,,,,,,,Yes,East Coast U.S.,No,,Yes,College of Arts and Sciences,,
Thomas Brown,thomas.brown@cornell.edu,PCCW member,,,"Undergraduate students, Graduate students",2.0,,,,,,,,,,,,,,,,2nd,,,,,,,,1st Choice,,,,,,,,No,,Yes,"Work-Life Balance, Career guidance. (Note to Mentees: Cornell Career Services provides resume, interviewing and internship/job search strategies. Mentors can provide guidance on excelling in competitive recruitment processes, exploring options and making informed decisions.), Navigating the workforce",No,,,
Noah Wood,noahwood15@cornell.edu,Undergraduate student,First Gen,,,,,,,,,,,,,,,,,,,,,,,,,,,,,,,,,,,No,,Yes,"Career guidance. (Note to Mentees: Cornell Career Services provides resume, interviewing and internship/job search strategies. Mentors can provide guidance on excelling in competitive recruitment processes, exploring options and making informed decisions.), First Generation student guidance, Networking",Yes,College of Arts and Sciences,"Hi! My name is Nicky. I'm from Rochester, NY! ",
Larry King,lking@cornell.edu,PCCW member,,,"Undergraduate students, Graduate students",1.0,0,,,,1st Choice,,,,,,,,,3rd,4th,,,,,,2nd,,,,,,,,5th,,,Yes,"East Coast U.S., NYC area",No,,Yes,"The Samuel Curtis Johnson Graduate School of Management., Johnson Graduate School of Management, MBA, Cornell Law School",,
Joan Lewis,joan_lewis@cornell.edu,PCCW member,,,"Undergraduate students, Graduate students",1.0,,,,,,,,,,,,,,,,,,,,,,,,1st Choice,,,,,,,,No,,Yes,First Generation student guidance,Yes,College of Agriculture and Life Sciences,,
Isabella Smith,isabellas@cornell.edu,Graduate student,,Other,,,,4th,,,,1st Choice,,,,,,,,3rd,,5th,,,,,,,,,,,2nd,,,,,No,,Yes,"Career guidance. (Note to Mentees: Cornell Career Services provides resume, interviewing and internship/job search strategies. Mentors can provide guidance on excelling in competitive recruitment processes, exploring options and making informed decisions.), Entrepreneurship and Startup Advice, International student guidance, Transitioning from academia to industry or navigating career changes, First Generation student guidance, Networking",No,,"Xinyi Deng is a PhD student in affective neuroscience. She researches on how decision-making interacts with affective symptoms at brain level using neuroimaging techniques. She is a Sage fellow, and won the 2025-2026 International Peace Scholarship and 2023 ABCT conference Student Poster Award. ",
Brian Brooks,brian_brooks@cornell.edu,PCCW member,,,"Undergraduate students, Graduate students",1.0,,,,1st Choice,,,,,,,,,,,,,,,,,,,,,,,,,,,,Yes,"East Coast U.S., NYC area",Yes,"Work-Life Balance, Career guidance. (Note to Mentees: Cornell Career Services provides resume, interviewing and internship/job search strategies. Mentors can provide guidance on excelling in competitive recruitment processes, exploring options and making informed decisions.), Navigating the workforce",Yes,College of Arts and Sciences,,
Cynthia Lewis,clewis@cornell.edu,PCCW member,,,"Undergraduate students, Graduate students",1.0,,,,,,,,,,,,,,,,,,,,,,,,,,,,1st Choice,,,,No,,Yes,"Work-Life Balance, Career guidance. (Note to Mentees: Cornell Career Services provides resume, interviewing and internship/job search strategies. Mentors can provide guidance on excelling in competitive recruitment processes, exploring options and making informed decisions.), Navigating the workforce, Public Service and Non-Profit Careers",No,,"Recently retired to my music, I have 36 years of experience in the Federal government in leadership positions in  both the headquarters and field levels of INS, DHS and USCIS. ",
Kimberly Peterson,kpeterson@cornell.edu,PCCW member,,,"Undergraduate students, Graduate students",1.0,2,,,1st Choice,,,,,,,,,,,,,,,,,,,,,,,,,,,,No,,Yes,"Work-Life Balance, Networking",Yes,College of Arts and Sciences,"Marisa Dolled-Filhart, Ph.D. is a drug development and precision medicine leader, currently Global Team Leader at Daiichi Sankyo, leading oncology drug development teams. Her prior roles were at BMS, Merck, IQVIA and HistoRx. Marisa holds a B.A. from Cornell and a Ph.D. in Genetics from Yale.",
Joyce Nelson,joycen@cornell.edu,PCCW member,,,"Undergraduate students, Graduate students",1.0,,,,,,,,,,,,,,,,,,,,,2nd,,,,,,,1st Choice,,,,No,,Yes,"Career guidance. (Note to Mentees: Cornell Career Services provides resume, interviewing and internship/job search strategies. Mentors can provide guidance on excelling in competitive recruitment processes, exploring options and making informed decisions.), Public Service and Non-Profit Careers",Yes,College of Arts and Sciences,"I am  lawyer whose career has been a combination of government service, private law practice and internal general counsel work. I am also a mother and grandmother.",
Cynthia Richardson,c.richardson49@cornell.edu,Graduate student,,Graduate and Professional Students Assembly. (GPSA),,,,4th,,1st Choice,,,,,,,,,3rd,2nd,,,,,,,,,,5th,,,,,,,,No,,Yes,"Career guidance. (Note to Mentees: Cornell Career Services provides resume, interviewing and internship/job search strategies. Mentors can provide guidance on excelling in competitive recruitment processes, exploring options and making informed decisions.), Navigating the workforce, Entrepreneurship and Startup Advice, Transitioning from academia to industry or navigating career changes, Networking",Yes,College of Engineering,"Hi! My name is Alessandra, I'm a 1st year Biomedical Engineering PhD student at Cornell. As of now my interests lie in developing translational biomaterials and/or medical devices for tissue/wound repair.",
Brandon Morris,bmorris@cornell.edu,Undergraduate student,Other,,,,,,,,3rd,,,4th,,2nd,,5th,,1st Choice,,,,,,,,,,,,,,,,,,Yes,"East Coast U.S., West Coast U.S., NYC area, South Asia",Yes,"Career guidance. (Note to Mentees: Cornell Career Services provides resume, interviewing and internship/job search strategies. Mentors can provide guidance on excelling in competitive recruitment processes, exploring options and making informed decisions.), Entrepreneurship and Startup Advice, Networking",No,,"Diya Singhal is a Cornell Design and Environmental Analysis student focused on design, sustainability, and social innovation, and is seeking mentorship from an alumna leader to grow as a purpose-driven innovator.",
Jack Rodriguez,jackrodriguez9@cornell.edu,Undergraduate student,Other,,,,,,,,2nd,,,,,,,,,,1st Choice,,,,,,,,,,,,,,,,,No,,Yes,"Work-Life Balance, Career guidance. (Note to Mentees: Cornell Career Services provides resume, interviewing and internship/job search strategies. Mentors can provide guidance on excelling in competitive recruitment processes, exploring options and making informed decisions.), Transitioning from academia to industry or navigating career changes, Networking",No,,"I am a Bocconi University student in Economic and Social Sciences, currently pursuing an exchange semester at Cornell University. Originally from Milan, Italy, I am passionate about global learning and cross-cultural collaboration.",
Charlotte Martin,cmartin@cornell.edu,PCCW member,,,Undergraduate students,1.0,,,,,,,,,1st Choice,,3rd,,,,,,,,,,,,,,2nd,,,,,,,No,,No,,No,,"After completing my Masters in Engineering in OR at Cornell, I pursued a Ph.D. in Mathematics (ASU) and worked for AT&T. The last 20 years I have been focused on serving as CEO of nonprofit organization HISPA. I can't wait to share my journey and help students discover their potential and succeed!",
Ronald Carter,ronaldc@cornell.edu,PCCW member,,,"Undergraduate students, Graduate students",1.0,,,,,,,,,,,,,,,,,,,,,,,,1st Choice,,,,,,,,No,,Yes,Work-Life Balance,No,,,
Kathleen Walker,kathleenw@cornell.edu,Undergraduate student,First Gen,,,,,,,,,1st Choice,,,,,,,,,3rd,,,,,,4th,,2nd,,5th,,,,,,,Yes,"East Coast U.S., West Coast U.S., NYC area, Western Europe, UK",Yes,"Work-Life Balance, Career guidance. (Note to Mentees: Cornell Career Services provides resume, interviewing and internship/job search strategies. Mentors can provide guidance on excelling in competitive recruitment processes, exploring options and making informed decisions.), Navigating the workforce, First Generation student guidance, Networking",Yes,School of Industrial and Labor Relations,"Hi! My name is Alex McEntee, and I am a sophomore transfer in ILR. I'm from NYC and I can't decide if I want to stay in NYC or not. I am really unsure of what my career will look like so I am looking for some mentorship! ",
Brandon Wright,brandonw@cornell.edu,Graduate student,,Other,,,,2nd,,,5th,1st Choice,4th,,,,,,,,,,,,,,,,,,,,3rd,,,,,Yes,"East Coast U.S., West Coast U.S., NYC area, Western Europe, Eastern Europe, UK, East Asia, South Asia",Yes,"Career guidance. (Note to Mentees: Cornell Career Services provides resume, interviewing and internship/job search strategies. Mentors can provide guidance on excelling in competitive recruitment processes, exploring options and making informed decisions.), International student guidance, Networking",No,,"I am an International student currently pursuing Developmental Psychology(MA) at Cornell. In my free time I love to binge netflix shows, and go dancing with friends! ",
Owen Morris,o.morris76@cornell.edu,Graduate student,,"Graduate and Professional Students Assembly. (GPSA), Other",,,,,,,3rd,4th,1st Choice,,,,,,,5th,,,,,,,,2nd,,,,,,,,,,Yes,"East Coast U.S., NYC area",Yes,"Career guidance. (Note to Mentees: Cornell Career Services provides resume, interviewing and internship/job search strategies. Mentors can provide guidance on excelling in competitive recruitment processes, exploring options and making informed decisions.), Navigating the workforce, Entrepreneurship and Startup Advice, Networking",Yes,Cornell SC Johnson College of Business,"Hi, my name is Amrapali Naik, and I'm a 2nd year MBA student at Cornell Johnson. Prior to coming to Johnson, I lived in Jersey City and worked in the financial services sector at Fidelity Investments. Looking forward to meeting you!",
Lisa Phillips,lisa.phillips@cornell.edu,Undergraduate student,First Gen,,,,,,,,,4th,2nd,,,,,,,,,5th,,,,,,,,1st Choice,,,3rd,,,,,No,,Yes,"Career guidance. (Note to Mentees: Cornell Career Services provides resume, interviewing and internship/job search strategies. Mentors can provide guidance on excelling in competitive recruitment processes, exploring options and making informed decisions.), Navigating the workforce, Networking",Yes,"College of Human Ecology, Cornell Jeb E. Brooks School of Public Policy","Hey! I'm a 2nd-year student currently aiming for the Cornell Sloan MHA program after graduation. My career goals are in healthcare administration, I'll be working at a medical billing/practice management company this upcoming summer.",
Andrew Johnson,andrew_johnson@cornell.edu,Undergraduate student,First Gen,,,,,1st Choice,,,,,,,,,2nd,,,,,,,,,5th,,,,,,3rd,,4th,,,,Yes,East Coast U.S.,No,,Yes,College of Agriculture and Life Sciences,I am a first generation community college transfer student currently majoring in communication. ,
Julie Taylor,j.taylor83@cornell.edu,Undergraduate student,First Gen,,,,,,,,,,,,,,,,,,1st Choice,,,,,,,,,,,,,2nd,,,,Yes,"East Coast U.S., NYC area",Yes,"Navigating the workforce, Networking",No,,"Sandy is a current junior at the ILR School. She is interested in pursuing a career in public finance investment banking and ultimately in a public sector role. She is from Brooklyn, New York, and enjoys exploring cafes, trying new foods, and traveling in her free time. ",
Justin Hughes,j.hughes1@cornell.edu,Undergraduate student,First Gen,,,,,2nd,,,5th,,,,,,,,1st Choice,,,,,,,,,,,,,3rd,,4th,,,,No,,Yes,"Career guidance. (Note to Mentees: Cornell Career Services provides resume, interviewing and internship/job search strategies. Mentors can provide guidance on excelling in competitive recruitment processes, exploring options and making informed decisions.), Navigating the workforce, First Generation student guidance, Networking",Yes,"College of Engineering, Cornell Jeb E. Brooks School of Public Policy","I am a public policy major pursuing an aerospace engineering minor, with a strong commitment to expanding equitable access to STEM education. I’m particularly interested in how education policy and industry collaboration can broaden pathways for underrepresented communities. ",
Mark Bailey,mark.bailey@cornell.edu,Undergraduate student,First Gen,,,,,2nd,,,,,,,,,,,1st Choice,,,,,,3rd,,,,,,,,,,,,,Yes,"East Coast U.S., NYC area",Yes,"Work-Life Balance, Career guidance. (Note to Mentees: Cornell Career Services provides resume, interviewing and internship/job search strategies. Mentors can provide guidance on excelling in competitive recruitment processes, exploring options and making informed decisions.), Navigating the workforce, Transitioning from academia to industry or navigating career changes, First Generation student guidance",Yes,"College of Arts and Sciences, College of Engineering","Hi! My name is Sharon, and I am interested in mechanical and aerospace engineering.",
Emily Lee,e.lee14@cornell.edu,PCCW member,,,"Undergraduate students, Graduate students",1.0,,,,,,5th,4th,,,,,,,,,,,,3rd,,,,,,,2nd,,1st Choice,,,,No,,No,,Yes,College of Arts and Sciences,"An Arts & Sciences graduate, Erin has spent the last 15 years working on emerging technology policy and operations and is currently based in Washington, DC.",
Joan Roberts,joanroberts90@cornell.edu,Graduate student,,Other,,,,,,2nd,,,,,,,,,3rd,,,,,,,,,,,1st Choice,,,,,,,,Yes,"East Coast U.S., UK",Yes,"Career guidance. (Note to Mentees: Cornell Career Services provides resume, interviewing and internship/job search strategies. Mentors can provide guidance on excelling in competitive recruitment processes, exploring options and making informed decisions.), Navigating the workforce, Networking",Yes,College of Engineering,Hi! I am a biomedical engineering graduate student hoping to go into pediatric engineering.I’m extremely excited about the opportunity and cannot wait to listen and learn how to navigate this field!,
Gary Carter,gary.carter@cornell.edu,Undergraduate student,Panhellenic/Multicultural Greek Fraternal Council,,,,,,,,2nd,,,,,,,,,3rd,1st Choice,,,,,,,,,,,,,,,,,Yes,"East Coast U.S., NYC area",Yes,"Career guidance. (Note to Mentees: Cornell Career Services provides resume, interviewing and internship/job search strategies. Mentors can provide guidance on excelling in competitive recruitment processes, exploring options and making informed decisions.), Navigating the workforce, Transitioning from academia to industry or navigating career changes, Networking",Yes,Charles H. Dyson School of Applied Economics and Management,,
Evelyn Baker,evelynb@cornell.edu,PCCW member,,,Graduate students,1.0,,1st Choice,,,,,,,,3rd,2nd,,,,,,,,,,,,,,4th,,,,,,,No,,Yes,"Public Service and Non-Profit Careers, First Generation student guidance",No,,,
Christine Flores,cflores@cornell.edu,PCCW member,,,"Undergraduate students, Graduate students",1.0,,,,,,,,,,,,,,,,,,,,,2nd,,,,,,,1st Choice,,,,No,,No,,No,,"BA Psychology ‘86 & JD ‘92. I have experience in public interest law, judicial clerkships, law firms, & municipal and federal government. I’m a current federal employee. I’d be happy to mentor anyone who might need support in these areas or in more general matters like work/life balance.",
Steven Ramirez,stevenramirez92@cornell.edu,PCCW member,,,Undergraduate students,1.0,0,,,,,,,,,,,,1st Choice,,,,,,2nd,,,,,,,,,,,,,No,,No,,Yes,"College of Arts and Sciences, College of Engineering",,
Nicholas Mendoza,nicholas_mendoza@cornell.edu,Undergraduate student,Other,,,,,2nd,,,,,,,,,,,,,,,,,,5th,,,,1st Choice,,3rd,,4th,,,,No,,Yes,"Career guidance. (Note to Mentees: Cornell Career Services provides resume, interviewing and internship/job search strategies. Mentors can provide guidance on excelling in competitive recruitment processes, exploring options and making informed decisions.), Public Service and Non-Profit Careers",No,,"I am from Berkshire, Massachusetts, and majoring in Global and Public Health Sciences, hopefully with minors in Infectious Disease and Environment & Sustainability. Really interested in pursuing international health through social, environmental, and disease-based community work!!",
Donna Flores,donnaf@cornell.edu,Graduate student,,Other,,,,,,,,,,,,,3rd,,,,,,,,,,,,,,,2nd,,,,,1st Choice,Yes,"East Coast U.S., West Coast U.S., NYC area",Yes,Work-Life Balance,Yes,School of Veterinary Medicine,"I’m a 2nd year veterinary student interested in exotic pet medicine, ornamental fish aquaculture, and DEI in the animal care field. ",
Owen Jimenez,owen.jimenez@cornell.edu,PCCW member,,,Undergraduate students,1.0,,,,,2nd,,,,,,,,,,,,,,,,,1st Choice,,,,,,,,,,No,,No,,No,,"With 30+ years' experience leading sales and marketing from Fortune 500 brands to PE-backed challenger start-ups, I thrive in driving growth through challenge and change. I'm passionate about developing talent and excited to support a mentee's career journey.",
Jerry Long,jerry.long@cornell.edu,PCCW member,,,"Undergraduate students, Graduate students",1.0,,,1st Choice,,,,,,,,,,,,,,,,,,,,,,,,,,,,,No,,No,,Yes,"College of Architecture, Art, and Planning",,
Jeffrey Nguyen,jeffrey_nguyen@cornell.edu,PCCW member,,,Undergraduate students,1.0,,,,,,,,,,,,,,,,,,,,,,,,,1st Choice,2nd,,3rd,,,,No,,No,,No,,"This is the best option, I keep it very up to date: https://www.linkedin.com/in/suzanne-ehlers",
Owen Taylor,owentaylor69@cornell.edu,Undergraduate student,Other,,,,,,,1st Choice,3rd,,,,,,,,,,,4th,,,,,5th,,,,,2nd,,,,,,Yes,"East Coast U.S., NYC area",Yes,"Career guidance. (Note to Mentees: Cornell Career Services provides resume, interviewing and internship/job search strategies. Mentors can provide guidance on excelling in competitive recruitment processes, exploring options and making informed decisions.), Public Service and Non-Profit Careers, Networking",No,,"I am a current junior in the College of Agriculture and Life Sciences at Cornell University studying Biology and Society with minors across health, law, and business.  I am extremely interested in the intersection of these three areas, and I hope to match with someone who is working in these fields!",
Daniel Price,dprice@cornell.edu,PCCW member,,,"Undergraduate students, Graduate students",1.0,,,,,5th,1st Choice,3rd,,,,,,,,,,4th,2nd,,,,,,,,,,,,,,No,,Yes,"Work-Life Balance, Career guidance. (Note to Mentees: Cornell Career Services provides resume, interviewing and internship/job search strategies. Mentors can provide guidance on excelling in competitive recruitment processes, exploring options and making informed decisions.), Navigating the workforce, Networking",Yes,"Charles H. Dyson School of Applied Economics and Management, Cornell SC Johnson College of Business, Nolan School of Hotel Administration, Dyson School of Applied Economics and Management, School of Industrial and Labor Relations, Cornell SC Johnson College of Business, The Peter and Stephanie Nolan School of Hotel Administration, The Charles H. Dyson School of Applied Economics and Management, The Samuel Curtis Johnson Graduate School of Management., Johnson Graduate School of Management, MBA",,
Brandon Walker,bwalker@cornell.edu,Undergraduate student,First Gen,,,,,5th,,3rd,,,,,,,,,,,,2nd,,,,,,,,1st Choice,,4th,,,,,,Yes,"East Coast U.S., NYC area",Yes,"Career guidance. (Note to Mentees: Cornell Career Services provides resume, interviewing and internship/job search strategies. Mentors can provide guidance on excelling in competitive recruitment processes, exploring options and making informed decisions.), Navigating the workforce, Transitioning from academia to industry or navigating career changes, First Generation student guidance, Networking",No,,"Hello, I’m Zianna Odogwu! I’m a Biology and Society first generation undergraduate student in CALS interested in pursuing medicine and public health from Massachusetts. I would love to pair with a mentor who can offer professional and personal support through my time at Cornell!",
Evelyn Jenkins,evelynjenkins43@cornell.edu,Graduate student,,Graduate and Professional Students Assembly. (GPSA),,,,,,1st Choice,,4th,,,2nd,,,,,,,,,,,,,,,3rd,,,,5th,,,,No,,Yes,"Career guidance. (Note to Mentees: Cornell Career Services provides resume, interviewing and internship/job search strategies. Mentors can provide guidance on excelling in competitive recruitment processes, exploring options and making informed decisions.), Navigating the workforce, Transitioning from academia to industry or navigating career changes, Networking",No,,"Hello! My name is Lydia Homandberg and I am finishing up my PhD in Public Policy and Sociology. My work has broadly focused on population health while utilizing real-world data and I would love to continue this work in the biotech, pharmaceutical, or healthcare industries. ",
Susan Sanders,susans@cornell.edu,PCCW member,,,"Undergraduate students, Graduate students",2.0,,,,,4th,,3rd,,,,,,,,,2nd,,,,,,,,1st Choice,,,,,,,,No,,No,,Yes,"College of Human Ecology, Cornell Jeb E. Brooks School of Public Policy",,
Shirley Ramirez,shirley_ramirez@cornell.edu,Undergraduate student,Other,,,,,,,,5th,3rd,,,1st Choice,,,,,,,,,,2nd,,,,,,4th,,,,,,,Yes,"East Coast U.S., NYC area, Western Europe",Yes,"Career guidance. (Note to Mentees: Cornell Career Services provides resume, interviewing and internship/job search strategies. Mentors can provide guidance on excelling in competitive recruitment processes, exploring options and making informed decisions.), Public Service and Non-Profit Careers, International student guidance, Networking",Yes,"College of Agriculture and Life Sciences, Charles H. Dyson School of Applied Economics and Management","I am an international student from Bogotá, Colombia interested in pursuing a career that combines data analysis and cognitive science. I have recently been struggling with the steps to take when applying to internships and the components involved, especially for roles in data driven fields.",
Carol Rogers,crogers@cornell.edu,Undergraduate student,Other,,,,,,,,3rd,2nd,,,,,,1st Choice,,,,,,,,,,4th,,,,,,,,5th,,No,,Yes,"Work-Life Balance, Career guidance. (Note to Mentees: Cornell Career Services provides resume, interviewing and internship/job search strategies. Mentors can provide guidance on excelling in competitive recruitment processes, exploring options and making informed decisions.), Networking",Yes,"College of Agriculture and Life Sciences, Charles H. Dyson School of Applied Economics and Management","Hi, I am Emily Nicholson, a junior studying Environment and Sustainability with a concentration in Sustainable Business and a minor in Dyson. I am interested in Sustainability consulting and the energy transition. ",
Kathleen Ramirez,k.ramirez64@cornell.edu,PCCW member,,,"Undergraduate students, Graduate students",1.0,,,,1st Choice,,,,,,,,,,,,,,,,,,,,,,,,,,,,No,,No,,No,,,
Benjamin Jenkins,benjamin_jenkins@cornell.edu,Graduate student,,Other,,,,,,,5th,,,4th,,,,,,3rd,2nd,,,,,,,,1st Choice,,,,,,,,,Yes,East Coast U.S.,Yes,"Career guidance. (Note to Mentees: Cornell Career Services provides resume, interviewing and internship/job search strategies. Mentors can provide guidance on excelling in competitive recruitment processes, exploring options and making informed decisions.), Transitioning from academia to industry or navigating career changes",Yes,Cornell SC Johnson College of Business,"Hi, my name is Jean-Luc Dorvil and I've secured an IB internship for the summer, looking for guidance as I prepare for the summer ",
Kimberly Lee,k.lee57@cornell.edu,Undergraduate student,First Gen,,,,,,,,,,,,,,,,4th,3rd,2nd,,,,1st Choice,,,,,,5th,,,,,,,Yes,"East Coast U.S., West Coast U.S., NYC area",Yes,"Career guidance. (Note to Mentees: Cornell Career Services provides resume, interviewing and internship/job search strategies. Mentors can provide guidance on excelling in competitive recruitment processes, exploring options and making informed decisions.), Navigating the workforce, International student guidance, First Generation student guidance, Networking",Yes,"College of Arts and Sciences, Cornell Ann S. Bowers College of Computing and Information Science, College of Engineering","International student from Uzbekistan, looking forward to connect and learn :))",
Donna James,donnajames62@cornell.edu,Undergraduate student,Women's Leadership Initiative (WLI),,,,,,,,,,,,1st Choice,,,5th,,,3rd,,,,,,,,,,,2nd,,4th,,,,Yes,"Western Europe, UK",Yes,"Career guidance. (Note to Mentees: Cornell Career Services provides resume, interviewing and internship/job search strategies. Mentors can provide guidance on excelling in competitive recruitment processes, exploring options and making informed decisions.), International student guidance, Networking",No,,"Hi, I'm Emilie, an exchange student from France. I major in Mathematics and Economics with a minor in Global development. In the future I want to work in international organizations, specializing in economics of development.",
Mia Ramirez,mia_ramirez@cornell.edu,Undergraduate student,Other,,,,,,,,,,,,,,,,,3rd,,,5th,,,,1st Choice,,,,,2nd,,4th,,,,Yes,"East Coast U.S., West Coast U.S., NYC area, Western Europe",Yes,"Work-Life Balance, Career guidance. (Note to Mentees: Cornell Career Services provides resume, interviewing and internship/job search strategies. Mentors can provide guidance on excelling in competitive recruitment processes, exploring options and making informed decisions.), Networking",No,,"Hi my name is Juliana and I am a Junior from NYC. I am passionate about many industries, from public service to business hospitality. I have many interests, so I would like to be paired with a mentor who can provide guidance! ",
Kelly Nelson,kellynelson60@cornell.edu,Graduate student,,Other,,,,,,,5th,4th,3rd,,,,,,,2nd,1st Choice,,,,,,,,,,,,,,,,,Yes,"East Coast U.S., West Coast U.S., NYC area, Western Europe, UK, East Asia, South Asia",Yes,"Career guidance. (Note to Mentees: Cornell Career Services provides resume, interviewing and internship/job search strategies. Mentors can provide guidance on excelling in competitive recruitment processes, exploring options and making informed decisions.), International student guidance, Networking",Yes,"Cornell SC Johnson College of Business, MBA","Hi, I’m Hailey, 1st year student at Cornell SC Johnson. I’m excited to learn from your experience in finance and gain insights to guide my career development.",
Maria Carter,mariacarter60@cornell.edu,PCCW member,,,"Undergraduate students, Graduate students",2.0,,,,,,,,,,,,,,,,,,,,,2nd,,,,4th,,,"1st Choice, 3rd",,,,Yes,East Coast U.S.,Yes,"Work-Life Balance, Career guidance. (Note to Mentees: Cornell Career Services provides resume, interviewing and internship/job search strategies. Mentors can provide guidance on excelling in competitive recruitment processes, exploring options and making informed decisions.), Navigating the workforce, Public Service and Non-Profit Careers, First Generation student guidance, Networking",Yes,College of Arts and Sciences,,
Sandra Kim,sandra.kim@cornell.edu,PCCW member,,,"Undergraduate students, Graduate students",3.0,,,,,4th,,2nd,,,,,,,,,,,,3rd,,,,,,,,,1st Choice,,,,No,,No,,Yes,"College of Agriculture and Life Sciences, Dyson School of Applied Economics and Management, The Charles H. Dyson School of Applied Economics and Management",,
Paul Alvarez,paula@cornell.edu,Undergraduate student,First Gen,,,,,,,,,,,,,,,,,4th,,,,,,,1st Choice,2nd,5th,,,3rd,,,,,,Yes,NYC area,Yes,"Career guidance. (Note to Mentees: Cornell Career Services provides resume, interviewing and internship/job search strategies. Mentors can provide guidance on excelling in competitive recruitment processes, exploring options and making informed decisions.), First Generation student guidance, Networking",Yes,School of Industrial and Labor Relations,"Lorena is a first-gen student at Cornell ILR, an older sister, and someone passionate about helping others. She's interested in law school and loves to be involved in volunteering and advocacy. ",
Raymond Evans,raymond_evans@cornell.edu,Undergraduate student,Panhellenic/Multicultural Greek Fraternal Council,,,,,,,,,,4th,,,,,,,,,,,1st Choice,,,5th,,2nd,,,3rd,,,,,,Yes,"East Coast U.S., NYC area",Yes,"Work-Life Balance, Career guidance. (Note to Mentees: Cornell Career Services provides resume, interviewing and internship/job search strategies. Mentors can provide guidance on excelling in competitive recruitment processes, exploring options and making informed decisions.), Networking",Yes,School of Industrial and Labor Relations,I am a senior in the ILR School from New York City focusing on a career in Human Resources. Outside of the classroom I am in a social sorority and an a cappella group!,
Kimberly Garcia,k.garcia59@cornell.edu,PCCW member,,,"Undergraduate students, Graduate students",2.0,1,3rd,,2nd,,,,,,,,,,,,,,,,,,,,,,,,,,,1st Choice,No,,No,,Yes,College of Agriculture and Life Sciences,,
Elizabeth Robinson,elizabethrobinson78@cornell.edu,PCCW member,,,Undergraduate students,2.0,,,,,3rd,,,,4th,,,,,2nd,1st Choice,,,,,,,,,,,,,,,,,No,,No,,No,,,
Victoria Foster,vfoster@cornell.edu,Undergraduate student,Building Ourselves Through Sisterhood and Service (BOSS),,,,,,5th,4th,1st Choice,,3rd,,2nd,,,,,,,,,,,,,,,,,,,,,,,Yes,"East Coast U.S., NYC area, Western Europe, UK",Yes,"Work-Life Balance, Career guidance. (Note to Mentees: Cornell Career Services provides resume, interviewing and internship/job search strategies. Mentors can provide guidance on excelling in competitive recruitment processes, exploring options and making informed decisions.), Entrepreneurship and Startup Advice, Networking",Yes,"College of Arts and Sciences, Cornell Ann S. Bowers College of Computing and Information Science","Hi I am Goretti Muriithi, an investment management analyst and a data scientist. I am interested in retiring early, building a brand and a business around my interests (crocheting, earthy/sustainable fashion, and investing). ",
Shirley Baker,shirley_baker@cornell.edu,Undergraduate student,Other,,,,,1st Choice,,2nd,,,,,,,,,,,,,,,,,,,,,,,,,,,,No,,Yes,"Career guidance. (Note to Mentees: Cornell Career Services provides resume, interviewing and internship/job search strategies. Mentors can provide guidance on excelling in competitive recruitment processes, exploring options and making informed decisions.)",No,,"My name is Alima Deen, and I am a junior majoring in Biometry & Statistics with interests in computational biology, machine learning, and systems biology. I plan to apply to PhD programs and fellowships in Fall 2026 and would value guidance on navigating AI-in-biology roles in industry.",
Victoria Kim,victoria.kim@cornell.edu,PCCW member,,,Undergraduate students,1.0,,,,,,,1st Choice,,,,3rd,,,,,,,,,,,,,,2nd,,,,,,,No,,No,,No,,"I've worked in college athletics for my entire career and am currently the Commissioner of the Northeast Conference, a Div. I conference that sponsors 25 sports. My role is akin to being a CEO of a small business. I deal with budgets, HR, media contracts, event management, and board management.",
Kelly Morgan,kellymorgan98@cornell.edu,Graduate student,,Graduate and Professional Students Assembly. (GPSA),,,,,,,,3rd,,,,,,5th,,,,1st Choice,,,,,,2nd,,,,4th,,,,,,No,,Yes,"International student guidance, Transitioning from academia to industry or navigating career changes, Networking",Yes,"Cornell Jeb E. Brooks School of Public Policy, Cornell SC Johnson College of Business, The Samuel Curtis Johnson Graduate School of Management., Johnson Graduate School of Management","Costa Rican with 10+ years of experience in communications, policy, and project management across the private and public sector, and NGOs. She's a MPA candidate concentrating in Economic and Financial Policy. She is also pursuing a certificate in Sustainable Finance at Johnson.
",
Linda Ross,lindar@cornell.edu,PCCW member,,,Undergraduate students,1.0,0,,,,,,,,,,,,,,1st Choice,,,,,,,,,,,,,,,,,No,,Yes,"Work-Life Balance, Career guidance. (Note to Mentees: Cornell Career Services provides resume, interviewing and internship/job search strategies. Mentors can provide guidance on excelling in competitive recruitment processes, exploring options and making informed decisions.), Navigating the workforce, Networking",No,,"My career is in the Equities or Markets Divisions of large banks and I am now at a small Asian retail broker FinTech launching an Institutional platform.  My daughter at another Ivy League school successfully navigated getting recruited by a large investment bank, I guided that process.  ",
Brenda Lopez,blopez@cornell.edu,PCCW member,,,Undergraduate students,1.0,1,,,,,,,,,,,,,,,,,,,,1st Choice,,,,,2nd,,3rd,,,,Yes,East Coast U.S.,Yes,"Work-Life Balance, Navigating the workforce, Public Service and Non-Profit Careers",No,,"I am an emerita professor at American University law school, but have returned to teach 1 course a year.I am a mother of three ( all Cornell alums) grandmother of 7. My areas of legal focus have been tax,pensions, contracts. I spent about half my career in biglaw and half in academia.",
Frank James,frankjames39@cornell.edu,Undergraduate student,Building Ourselves Through Sisterhood and Service (BOSS),,,,,4th,,,,,,,,,,,,2nd,,3rd,,,,,,,5th,1st Choice,,,,,,,,No,,Yes,"Work-Life Balance, Career guidance. (Note to Mentees: Cornell Career Services provides resume, interviewing and internship/job search strategies. Mentors can provide guidance on excelling in competitive recruitment processes, exploring options and making informed decisions.), Navigating the workforce, Entrepreneurship and Startup Advice, Transitioning from academia to industry or navigating career changes, Networking",Yes,College of Human Ecology,"My name is Eden Oje, and I am a Cornell freshman studying Human Biology, Health, and Society! I am a driven, passionate, and resilient Nigerian American who will stop at nothing to make my biggest dream come true: becoming an orthopedic surgeon with my own private practice and learning center.",
Samantha Bell,samanthabell53@cornell.edu,Undergraduate student,First Gen,,,,,,,,1st Choice,,5th,,,,,,,2nd,3rd,,,,,,,,,,4th,,,,,,,Yes,NYC area,Yes,"Work-Life Balance, Career guidance. (Note to Mentees: Cornell Career Services provides resume, interviewing and internship/job search strategies. Mentors can provide guidance on excelling in competitive recruitment processes, exploring options and making informed decisions.), Public Service and Non-Profit Careers, Transitioning from academia to industry or navigating career changes, First Generation student guidance, Networking",Yes,Charles H. Dyson School of Applied Economics and Management,"My name is Brandon, and I am always eager to try new things even if it doesn't seem interesting at first. A fun fact about me is that I have two pet birds back at home and I do no know their names.",
Andrew Cook,andrew_cook@cornell.edu,Graduate student,,Other,,,,1st Choice,,4th,,,,,3rd,,2nd,,,,,,,,,5th,,,,,,,,,,,,Yes,"East Coast U.S., NYC area",Yes,"Work-Life Balance, Career guidance. (Note to Mentees: Cornell Career Services provides resume, interviewing and internship/job search strategies. Mentors can provide guidance on excelling in competitive recruitment processes, exploring options and making informed decisions.), International student guidance, Transitioning from academia to industry or navigating career changes",Yes,Weill Cornell Medicine (NYC),"I am a 6th-year PhD candidate in Immunology and Microbial Pathogenesis at Weill Cornell, focused on human immunology. With 1–2 years remaining, I aim to stay in NYC and am aiming for an academic postdoc alongside interests in data science, teaching, scientific editing, and science policy.",
Margaret Alvarez,margaret.alvarez@cornell.edu,Undergraduate student,First Gen,,,,,3rd,,,,,,,,,1st Choice,,,,,,,,,,,,,,,2nd,,,,,,Yes,East Coast U.S.,Yes,"Career guidance. (Note to Mentees: Cornell Career Services provides resume, interviewing and internship/job search strategies. Mentors can provide guidance on excelling in competitive recruitment processes, exploring options and making informed decisions.), Public Service and Non-Profit Careers, First Generation student guidance, Networking",Yes,"College of Agriculture and Life Sciences, Cornell Jeb E. Brooks School of Public Policy","I'm a first-year studying Global Development at CALS. My primary drive comes from addressing challenges in gender equality and education, issues that are very personal to me as I come from Afghanistan. I'm looking forward to learning about practical solutions in this field.",
Helen Rodriguez,hrodriguez@cornell.edu,Graduate student,,Graduate and Professional Students Assembly. (GPSA),,,,,,,1st Choice,2nd,3rd,,,,,,4th,5th,,,,,,,,,,,,,,,,,,No,,Yes,"Career guidance. (Note to Mentees: Cornell Career Services provides resume, interviewing and internship/job search strategies. Mentors can provide guidance on excelling in competitive recruitment processes, exploring options and making informed decisions.), Entrepreneurship and Startup Advice, International student guidance",No,,"Strategic product leader and engineer, passionate about leveraging technology and market strategy to create scalable solutions that democratize access and drive impact",
Sandra Hernandez,sandra_hernandez@cornell.edu,Graduate student,,Cornell Tech,,,,1st Choice,,,,,,,,,,,,,,5th,,,2nd,,,,3rd,,,,4th,,,,,No,,Yes,"Career guidance. (Note to Mentees: Cornell Career Services provides resume, interviewing and internship/job search strategies. Mentors can provide guidance on excelling in competitive recruitment processes, exploring options and making informed decisions.), Transitioning from academia to industry or navigating career changes, Networking",Yes,Cornell Ann S. Bowers College of Computing and Information Science,I am a PhD student at Cornell Tech in the Department of Information Science. My research interests include behavioral and bio-signal parsing from mobile device interactions and multimodal content modeling. I'm still exploring whether I want to pursue academic or industry-focused research post-PhD,
Charles Mitchell,charlesmitchell71@cornell.edu,Undergraduate student,First Gen,,,,,,,,5th,4th,,,,,,,,,,,,,,,1st Choice,,,,3rd,2nd,,,,,,Yes,"East Coast U.S., West Coast U.S., NYC area",Yes,"Work-Life Balance, Career guidance. (Note to Mentees: Cornell Career Services provides resume, interviewing and internship/job search strategies. Mentors can provide guidance on excelling in competitive recruitment processes, exploring options and making informed decisions.), Navigating the workforce, Public Service and Non-Profit Careers, Transitioning from academia to industry or navigating career changes, First Generation student guidance, Networking",Yes,College of Arts and Sciences,I am a student at Cornell University studying Government. I am dedicated to advocacy and community leadership and am passionate about how people and policy intersect to bring change and hope to pursue a career in law or public service.,
Brandon Ramirez,brandonr@cornell.edu,PCCW member,,,Undergraduate students,1.0,,,,,4th,,,,,,,,,1st Choice,,,2nd,,,,,,,,,,,,,3rd,,No,,Yes,Entrepreneurship and Startup Advice,No,,,
Joyce Campbell,jcampbell@cornell.edu,PCCW member,,,"Undergraduate students, Graduate students",3.0,0,,,,2nd,,3rd,,,,5th,,,,1st Choice,,,,4th,,,,,,,,,,,,,No,,Yes,"Career guidance. (Note to Mentees: Cornell Career Services provides resume, interviewing and internship/job search strategies. Mentors can provide guidance on excelling in competitive recruitment processes, exploring options and making informed decisions.), Navigating the workforce, Entrepreneurship and Startup Advice, First Generation student guidance, Networking",No,,,
Harper Adams,hadams@cornell.edu,Graduate student,,Graduate and Professional Students Assembly. (GPSA),,,,,,,,,,,,,,,,,,,,,,,1st Choice,,,,5th,2nd,3rd,4th,,,,Yes,"East Coast U.S., West Coast U.S., NYC area, Western Europe, Eastern Europe, UK",Yes,"Career guidance. (Note to Mentees: Cornell Career Services provides resume, interviewing and internship/job search strategies. Mentors can provide guidance on excelling in competitive recruitment processes, exploring options and making informed decisions.), Navigating the workforce, International student guidance",Yes,College of Arts and Sciences,"Hello, my name is Jue. I am currently pursuing a degree in Asian Studies, and I am exploring possible career paths, including law or policy-related work. I’m very glad to have the opportunity to connect with you.",
Alexander Evans,alexander.evans@cornell.edu,Graduate student,,Graduate and Professional Students Assembly. (GPSA),,,,1st Choice,,,,2nd,,,,,3rd,,,,,,,,,,,,,,,5th,4th,,,,,Yes,"East Coast U.S., NYC area, East Asia",Yes,"Work-Life Balance, Career guidance. (Note to Mentees: Cornell Career Services provides resume, interviewing and internship/job search strategies. Mentors can provide guidance on excelling in competitive recruitment processes, exploring options and making informed decisions.), Public Service and Non-Profit Careers, International student guidance, Transitioning from academia to industry or navigating career changes, First Generation student guidance, Networking",Yes,College of Arts and Sciences,"I'm a PhD student from China working on animal literature and environmental criticism. I love language learning re: German, French, ancient Greek, Tangut, etc. ",
Amelia Wilson,a.wilson39@cornell.edu,PCCW member,,,Undergraduate students,2.0,,2nd,,,,,,,,,,,,,,,,,,,,,,,1st Choice,,,,,,,No,,No,,No,,"Lisa Barsanti Hoyt '79 is a retired senior development executive who supports and advises nonprofit organizations. She is a trustee of Montclair Ambulance Unit and serves Cornell through volunteer roles with her class, the Annual Fund, Cornell University Council and PCCW.
",
Stephanie Ramirez,stephanie.ramirez@cornell.edu,PCCW member,,,Undergraduate students,1.0,,,,,4th,,,5th,,,,,,,,,1st Choice,,,,,2nd,,,,,,,3rd,,,No,,Yes,"Work-Life Balance, Career guidance. (Note to Mentees: Cornell Career Services provides resume, interviewing and internship/job search strategies. Mentors can provide guidance on excelling in competitive recruitment processes, exploring options and making informed decisions.), Navigating the workforce",Yes,Nolan School of Hotel Administration,"Lauren Levin is Chief Marketing Officer at Lightstone, overseeing marketing / advertising, digital media, creative, branding, programming, and public relations strategy across Lightstone’s portfolio of Moxy Hotels, as well as its national real estate and corporate platform.  ",
George Perry,george.perry@cornell.edu,PCCW member,,,"Undergraduate students, Graduate students",3.0,,,,,1st Choice,,2nd,,,,,,,,,,,,,,,4th,,,,,,,,3rd,,No,,No,,No,,,
James Reed,jamesreed88@cornell.edu,Undergraduate student,First Gen,,,,,,,,,3rd,4th,,,,,,,2nd,1st Choice,,,5th,,,,,,,,,,,,,,Yes,"East Coast U.S., NYC area",Yes,"Work-Life Balance, Career guidance. (Note to Mentees: Cornell Career Services provides resume, interviewing and internship/job search strategies. Mentors can provide guidance on excelling in competitive recruitment processes, exploring options and making informed decisions.), First Generation student guidance, Networking",No,,"Hi, my name is Yi, a sophomore at Cornell's Dyson School studying Applied Economics and Management and an analyst in Cornell Alternative Investments. I've built a strong foundation in finance through case competitions, campus organizations, and project work, and I'm excited to continue learning!",
Rebecca Cook,rebeccac@cornell.edu,Graduate student,,Graduate and Professional Students Assembly. (GPSA),,,,2nd,,1st Choice,,,,,,,,,,,,,,,,,,,,,,,,,,,,Yes,"East Coast U.S., West Coast U.S., NYC area, Canada",Yes,"Work-Life Balance, Career guidance. (Note to Mentees: Cornell Career Services provides resume, interviewing and internship/job search strategies. Mentors can provide guidance on excelling in competitive recruitment processes, exploring options and making informed decisions.), Navigating the workforce, Transitioning from academia to industry or navigating career changes, Networking",Yes,College of Engineering,"Hello! My name is Chelsea and I am a third-year PhD candidate in Biomedical Engineering. Upon graduation, I am looking to transition into industry and working in R&D. I would appreciate any insight to the interview process, how to make myself a competitive candidate, and any helpful tips!",
Andrew Wood,a.wood22@cornell.edu,PCCW member,,,"Undergraduate students, Graduate students",1.0,,,,,,,,,,,,,,,,,,,,1st Choice,,,2nd,,,,,,,,,No,,Yes,"Work-Life Balance, First Generation student guidance, Networking",No,,,
Sharon Sanders,sharonsanders16@cornell.edu,Undergraduate student,Women's Leadership Initiative (WLI),,,,,,,,1st Choice,3rd,,,,,,,,,2nd,,,,,,,,,,,,,,,,,Yes,"East Coast U.S., NYC area, Western Europe, Eastern Europe",Yes,"Career guidance. (Note to Mentees: Cornell Career Services provides resume, interviewing and internship/job search strategies. Mentors can provide guidance on excelling in competitive recruitment processes, exploring options and making informed decisions.), International student guidance",Yes,"Charles H. Dyson School of Applied Economics and Management, College of Arts and Sciences, Cornell SC Johnson College of Business","Hi, my name is Ari, and I’m an international student from Moldova and a senior at Cornell University majoring in Economics. I’d love to connect and learn more about the economics/business industry, as well as gain insight into post-graduation opportunities for international students.",
Gary Cook,gcook@cornell.edu,Undergraduate student,Other,,,,,3rd,,,,,,,,,,,,,,2nd,,,,,,,,1st Choice,,,,,,,,No,,Yes,"Career guidance. (Note to Mentees: Cornell Career Services provides resume, interviewing and internship/job search strategies. Mentors can provide guidance on excelling in competitive recruitment processes, exploring options and making informed decisions.), Navigating the workforce, Networking",No,,My name is Anna Antinolfi and I am a sophomore Chemistry major in the College of Arts and Sciences. In the future I hope to go to medical school and become a pediatric cardiologist / thoracic surgeon! ,
Stephen Stewart,sstewart@cornell.edu,PCCW member,,,Undergraduate students,2.0,,,,1st Choice,,,,,,,,,,,,,,,,,,,,2nd,,,,,,,,Yes,"East Coast U.S., NYC area",Yes,"Work-Life Balance, Career guidance. (Note to Mentees: Cornell Career Services provides resume, interviewing and internship/job search strategies. Mentors can provide guidance on excelling in competitive recruitment processes, exploring options and making informed decisions.), Transitioning from academia to industry or navigating career changes, First Generation student guidance",Yes,College of Agriculture and Life Sciences,"Hello, I am Valerie, CALS '07, who majored in Biology with a concentration in Microbiology. Am Latina and from Northern NJ where I am a clinical research professional in pharma. Happy to meet you!",
Catherine Baker,catherine.baker@cornell.edu,Undergraduate student,Other,,,,,4th,,5th,,,,,,,,,,,,2nd,,,,,,,,1st Choice,,,3rd,,,,,No,,Yes,"Career guidance. (Note to Mentees: Cornell Career Services provides resume, interviewing and internship/job search strategies. Mentors can provide guidance on excelling in competitive recruitment processes, exploring options and making informed decisions.), Public Service and Non-Profit Careers, Transitioning from academia to industry or navigating career changes, Networking",No,,I am a Biology & Society student at Cornell with extensive clinical research experience and a passion for health equity. I look forward to combining my background in patient care and advocacy with your guidance to navigate a future career in medicine and public health!,
Carol Smith,csmith@cornell.edu,PCCW member,,,"Undergraduate students, Graduate students",2.0,,,,,,,,,,,,,,,,5th,,,,,,,,2nd,,1st Choice,,3rd,,,4th,Yes,East Coast U.S.,Yes,"Public Service and Non-Profit Careers, Networking",No,,,
Betty Perry,betty_perry@cornell.edu,Graduate student,,"Graduate and Professional Students Assembly. (GPSA), Other",,,,,,1st Choice,4th,,3rd,,,,,,,,,,,,,,2nd,,,,,5th,,,,,,No,,Yes,"Work-Life Balance, Transitioning from academia to industry or navigating career changes, First Generation student guidance, Networking",Yes,College of Agriculture and Life Sciences,"I am a second-year PhD student in Molecular Biology and Genetics researching animal reproduction, and I am interested in pursuing non-academic career paths where I can translate my scientific skills into meaningful public impact.",
Catherine Wright,c.wright89@cornell.edu,PCCW member,,,Undergraduate students,2.0,1,,,,,,,,,,,,,,2nd,,,,1st Choice,,,,,,,,,,,,,No,,Yes,"Work-Life Balance, Career guidance. (Note to Mentees: Cornell Career Services provides resume, interviewing and internship/job search strategies. Mentors can provide guidance on excelling in competitive recruitment processes, exploring options and making informed decisions.), International student guidance, First Generation student guidance, Networking",No,,,
Ava Kim,avakim45@cornell.edu,Graduate student,,Graduate and Professional Students Assembly. (GPSA),,,,3rd,,,5th,,,,,,,,,1st Choice,4th,,,,2nd,,,,,,,,,,,,,No,,Yes,"Career guidance. (Note to Mentees: Cornell Career Services provides resume, interviewing and internship/job search strategies. Mentors can provide guidance on excelling in competitive recruitment processes, exploring options and making informed decisions.), Entrepreneurship and Startup Advice, Transitioning from academia to industry or navigating career changes, Networking",No,,"I am a fifth year PhD in information science working on proactive AI that helps resolve miscommunication in workplace to promote productivity and inclusion. I want to transition from academia and start my company after graduation, potentially via incubator.",
Michelle Garcia,michelle.garcia@cornell.edu,PCCW member,,,Undergraduate students,2.0,,,,,,,,,,,,,,,,,,,,,1st Choice,,,,,,,,,,,No,,Yes,"Work-Life Balance, Career guidance. (Note to Mentees: Cornell Career Services provides resume, interviewing and internship/job search strategies. Mentors can provide guidance on excelling in competitive recruitment processes, exploring options and making informed decisions.), Navigating the workforce",Yes,"College of Arts and Sciences, Cornell Law School","I’m an Arts and Sciences grad (Government major) and Law grad. I’ve practiced law (corporate, securities, derivatives, investment management) for over 25 years both in private practice and in-house. I am happy to serve as a resource if you’re interested in pursuing a legal career. ",
Abigail Murphy,abigail.murphy@cornell.edu,Graduate student,,Graduate and Professional Students Assembly. (GPSA),,,,4th,,3rd,,5th,,,1st Choice,,,,,,,,,,,,,,,,,,,,,2nd,,Yes,"East Coast U.S., NYC area",Yes,"Work-Life Balance, Navigating the workforce, First Generation student guidance, Networking",No,,"I am currently a PhD candidate in food science with a concentration in sensory science. I enjoy research, but my career interests are more focused on transitioning to industry and working in CPG.",
Ronald Martinez,ronaldmartinez28@cornell.edu,Undergraduate student,First Gen,,,,,,,,1st Choice,,,5th,,,,,,,,,2nd,,,,,3rd,4th,,,,,,,,,Yes,NYC area,Yes,"Work-Life Balance, Career guidance. (Note to Mentees: Cornell Career Services provides resume, interviewing and internship/job search strategies. Mentors can provide guidance on excelling in competitive recruitment processes, exploring options and making informed decisions.), Navigating the workforce, Networking",No,,My name is Jasmine and I am currently a freshman in the Nolan School of Hotel Administration. Currently I am not really sure of what kind of career I would like to pursue in the future but I am leaning towards hotel operations or the food and beverage industry.,
David Russell,davidrussell49@cornell.edu,Graduate student,,Other,,,,4th,,,1st Choice,2nd,3rd,5th,,,,,,,,,,,,,,,,,,,,,,,,No,,No,,Yes,Nolan School of Hotel Administration,I'm a current Nolan MMH student who recently graduated from UVA with a degree in Economics. I'm excited to be matched with a mentor to learn more about how Cornell will prepare me for my career journey. ,
Richard Turner,richardturner73@cornell.edu,Undergraduate student,Other,,,,,5th,,,,,,,,,,,,,,,,,,,2nd,,,,3rd,1st Choice,,4th,,,,Yes,"East Coast U.S., NYC area",Yes,"Work-Life Balance, Career guidance. (Note to Mentees: Cornell Career Services provides resume, interviewing and internship/job search strategies. Mentors can provide guidance on excelling in competitive recruitment processes, exploring options and making informed decisions.), Navigating the workforce, Public Service and Non-Profit Careers, Networking",Yes,College of Arts and Sciences,"Hi, my name is Gabriella Sanchez; I am a junior at Cornell majoring in Government and minoring in Public Policy and Law & Society. I am very interested in healthcare and social justice policy, hoping to pursue careers in the nonprofit or public policy arena. ",
Charles Wilson,charleswilson56@cornell.edu,Undergraduate student,First Gen,,,,,,,,4th,2nd,,,,,,,,,1st Choice,,,,,,,5th,,,,,3rd,,,,,Yes,"East Coast U.S., NYC area",Yes,"Career guidance. (Note to Mentees: Cornell Career Services provides resume, interviewing and internship/job search strategies. Mentors can provide guidance on excelling in competitive recruitment processes, exploring options and making informed decisions.), First Generation student guidance, Networking",No,,"I am Maggie Provencal '29. I am a first-generation student and a member of the Cornell Women's Rowing team. Currently, my major is Biological Sciences in CALS, and I plan to internally transfer to the Nolan School. My career goal is to work in behavioral finance. ",
Mia Scott,m.scott76@cornell.edu,Undergraduate student,Other,,,,,,,1st Choice,4th,,,,,,,,,,,3rd,,,,,,,,2nd,,,,,,,,No,,Yes,"Career guidance. (Note to Mentees: Cornell Career Services provides resume, interviewing and internship/job search strategies. Mentors can provide guidance on excelling in competitive recruitment processes, exploring options and making informed decisions.), International student guidance, Networking",No,,Hi! My name is Cedar. I’m a softmore at Cornell studying biomedical sciences in the interdisciplinary program. I’m on the varsity rowing team and love all things outdoors! ,
Stephen Bailey,stephen_bailey@cornell.edu,PCCW member,,,"Undergraduate students, Graduate students",1.0,,,,,,1st Choice,,,3rd,,,,,,,,2nd,,,,,,,,,,,,,,,No,,Yes,"Career guidance. (Note to Mentees: Cornell Career Services provides resume, interviewing and internship/job search strategies. Mentors can provide guidance on excelling in competitive recruitment processes, exploring options and making informed decisions.), Transitioning from academia to industry or navigating career changes",No,,,
Lauren Davis,ldavis@cornell.edu,Undergraduate student,Other,,,,,5th,,,,3rd,,,,,,1st Choice,2nd,,,,,,4th,,,,,,,,,,,,,Yes,"East Coast U.S., East Asia, Midwest US",Yes,"Career guidance. (Note to Mentees: Cornell Career Services provides resume, interviewing and internship/job search strategies. Mentors can provide guidance on excelling in competitive recruitment processes, exploring options and making informed decisions.), Transitioning from academia to industry or navigating career changes, Networking",Yes,"College of Agriculture and Life Sciences, College of Engineering","Hi, my name is Gina, a sophomore studying environmental engineering at CALS! In addition to my passion for sustainability, I’m also very interested in exploring new experiences both for my academics and career development. ",
Olivia Cox,olivia.cox@cornell.edu,Undergraduate student,"GenEq - Gender Equity Resource Center, First Gen",,,,,4th,,,,,,,,,5th,,,,,,,,,,3rd,,,,,1st Choice,,2nd,,,,Yes,"East Coast U.S., NYC area",No,,Yes,College of Arts and Sciences,"Hello, my name is Emely Hernandez, and I am an undergraduate student in the class of 2028. I am the eldest daughter of two immigrant parents and the first to attend college in my family. I look forward to being in contact with you.",
Donald Robinson,donald.robinson@cornell.edu,PCCW member,,,Undergraduate students,1.0,0,2nd,,,,,,,,,,,,,,,,,,,,,,1st Choice,,,,,,,,Yes,"East Coast U.S., NYC area",No,,Yes,College of Agriculture and Life Sciences,Undergraduate biology major.  Retired cardiologist,
Sofia Ortiz,sofia_ortiz@cornell.edu,Undergraduate student,Other,,,,,,,,,,,,,,,,,,,,,3rd,,,1st Choice,,,,,2nd,,,,,,No,,Yes,"Navigating the workforce, Public Service and Non-Profit Careers, Transitioning from academia to industry or navigating career changes",Yes,School of Industrial and Labor Relations,"I am an ILR undergraduate interested in social justice, workers’ rights, and economic inequality. I hope to pursue a law degree after graduating and work in the law/policy field. ",
Amelia Morgan,ameliam@cornell.edu,Undergraduate student,First Gen,,,,,5th,,,,,,,,,,3rd,,,,1st Choice,,,,,,,,2nd,,4th,,,,,,No,,Yes,"Career guidance. (Note to Mentees: Cornell Career Services provides resume, interviewing and internship/job search strategies. Mentors can provide guidance on excelling in competitive recruitment processes, exploring options and making informed decisions.), Navigating the workforce, Public Service and Non-Profit Careers, First Generation student guidance, Networking",No,,"Hi, my name is Charlotte and I am a sophomore at Cornell. I'm mainly interested in global and public health, epidemiology, public policy, and One Health. I'm considering pursuing grad school. Additionally, I'm a member of Cornell International Affairs Society and Rho Psi Eta, a pre-health sorority. ",
Carol Perry,carol_perry@cornell.edu,Graduate student,,Other,,,,3rd,,,,,,,,,,1st Choice,2nd,,,,,,,,,,,,,,,,,,,Yes,"East Coast U.S., West Coast U.S., NYC area, Western Europe",Yes,"Career guidance. (Note to Mentees: Cornell Career Services provides resume, interviewing and internship/job search strategies. Mentors can provide guidance on excelling in competitive recruitment processes, exploring options and making informed decisions.), Navigating the workforce, Entrepreneurship and Startup Advice, Transitioning from academia to industry or navigating career changes, Networking",Yes,"College of Agriculture and Life Sciences, College of Engineering",Hi!! I'm Florencia :D I'm a first year PhD student in Cornell's School of Civil and Environmental Engineering. I do research related to using novel adsorbents to remove pollutants from water and most of my background is in environmental chemistry work! I am interested in working in R&D or a startup!,
Maria Richardson,mrichardson@cornell.edu,PCCW member,,,Undergraduate students,1.0,,,,3rd,,,,,,,,,1st Choice,,,,,,2nd,,,,,,,,,,,,,No,,Yes,"Career guidance. (Note to Mentees: Cornell Career Services provides resume, interviewing and internship/job search strategies. Mentors can provide guidance on excelling in competitive recruitment processes, exploring options and making informed decisions.), Navigating the workforce, Public Service and Non-Profit Careers",Yes,College of Engineering,"Hello! Looking forward to meeting you! I'm a mid-career Technical Advisor with a love for youth STEM education, the Arts, and Travel!",
Barbara Ramos,bramos@cornell.edu,PCCW member,,,"Undergraduate students, Graduate students",3.0,,2nd,,,,,,,,,,,,3rd,,,,,,,,,,1st Choice,,,,,,,,No,,Yes,"Career guidance. (Note to Mentees: Cornell Career Services provides resume, interviewing and internship/job search strategies. Mentors can provide guidance on excelling in competitive recruitment processes, exploring options and making informed decisions.), Transitioning from academia to industry or navigating career changes, First Generation student guidance",No,,"My name is Racquel Johnson, DMD, MBA. I am a board-certified pediatric dentist. Had my own private practice for 14 years. Also taught dental students and pediatric dental residents. ",
Kevin Torres,kevintorres85@cornell.edu,Graduate student,,Other,,,,,,3rd,,1st Choice,4th,,2nd,,,,,,,,,,,5th,,,,,,,,,,,,Yes,NYC area,Yes,"Work-Life Balance, Career guidance. (Note to Mentees: Cornell Career Services provides resume, interviewing and internship/job search strategies. Mentors can provide guidance on excelling in competitive recruitment processes, exploring options and making informed decisions.), Navigating the workforce, Networking",No,,"I’m a PhD graduate student at Weill Cornell, studying the impact of genomic alterations on fibroblasts in rheumatoid arthritis patients’ tissue. I’m interested in learning how to use my analytical skills in strategy consulting, business development, and data analytics.",
Christopher Perry,christopher.perry@cornell.edu,Graduate student,,Other,,,,1st Choice,,,,,,,,,3rd,,,,,,,,,2nd,,,,,,,,,,,,Yes,East Coast U.S.,Yes,"Career guidance. (Note to Mentees: Cornell Career Services provides resume, interviewing and internship/job search strategies. Mentors can provide guidance on excelling in competitive recruitment processes, exploring options and making informed decisions.), Transitioning from academia to industry or navigating career changes, Networking",Yes,College of Arts and Sciences,"My name is Dominique Joe and I am a PhD candidate in the Department of Literatures in English. I'm writing a dissertation titled ""Articulations of Universality in Black Feminist Thought."" In it, I argue that Black feminist thinkers are creating a new universalism through material universality. ",
Ava Young,ava_young@cornell.edu,PCCW member,,,"Undergraduate students, Graduate students",2.0,1,,,,,,,2nd,,,,,,,,,,,,3rd,,,1st Choice,,,,,,,,,No,,Yes,"Work-Life Balance, Transitioning from academia to industry or navigating career changes",No,,"Graduated in 1987 and understand careers are about the journey and not just the destination. I have transitioned from advertising to film marketing to television writing. As someone who didn’t take writing courses at Cornell, I never anticipated I would spend 25 years writing for comedies.",
Ava Alvarez,ava.alvarez@cornell.edu,Graduate student,,Graduate and Professional Students Assembly. (GPSA),,,,4th,1st Choice,,,,3rd,,,,,,,5th,,,,,,,,,,,,,,2nd,,,,Yes,"NYC area, south america",Yes,"Navigating the workforce, Entrepreneurship and Startup Advice, International student guidance, First Generation student guidance, Networking",Yes,"College of Architecture, Art, and Planning, Cornell Jeb E. Brooks School of Public Policy, City and Regional planning, government",I’m a Cornell planning student with a background in architecture and public infrastructure projects. I’m interested in how cities and governments actually get things built and how they can do it more fairly.,
Nicholas Taylor,n.taylor61@cornell.edu,PCCW member,,,"Undergraduate students, Graduate students",2.0,2-Jan,,,,,,,,,,,,,,,,,,,,,,,,1st Choice,2nd,,,,,,No,,Yes,Public Service and Non-Profit Careers,Yes,School of Industrial and Labor Relations,"Vicki spent nearly 20 years as a successful organizer and Director of Organizing for the Teamsters Union. She then spent 23 years as President and CEO of the National Abortion Federation, supporting abortion providers and ensuring women’s access to safe, legal, quality abortion care. 

",
Deborah Hernandez,dhernandez@cornell.edu,PCCW member,,,"Undergraduate students, Graduate students",4.0,0,,,,,,,,,,2nd,,,,,,,,,,,,,,,,1st Choice,,,,,No,,Yes,"Career guidance. (Note to Mentees: Cornell Career Services provides resume, interviewing and internship/job search strategies. Mentors can provide guidance on excelling in competitive recruitment processes, exploring options and making informed decisions.)",Yes,College of Arts and Sciences,,
Kenneth Collins,k.collins75@cornell.edu,Graduate student,,Graduate and Professional Students Assembly. (GPSA),,,,,,1st Choice,,5th,3rd,,,,2nd,,,,,,,,,,,,,,4th,,,,,,,No,,Yes,"Work-Life Balance, Career guidance. (Note to Mentees: Cornell Career Services provides resume, interviewing and internship/job search strategies. Mentors can provide guidance on excelling in competitive recruitment processes, exploring options and making informed decisions.), Public Service and Non-Profit Careers, Entrepreneurship and Startup Advice, Transitioning from academia to industry or navigating career changes, Networking",No,,Cátia is a scientist and social impact leader advancing spinal cord injury research and expanding STEM education access across Africa through her nonprofit.,
Christine Mendoza,christine_mendoza@cornell.edu,Undergraduate student,"Women's Leadership Initiative (WLI), First Gen",,,,,4th,,,,,,,,,,,,,,2nd,,3rd,,,,,,1st Choice,,,5th,,,,,Yes,"East Coast U.S., West Coast U.S., NYC area",No,,No,,"My name is Nayely, a current Senior studying Biology & Society. I am hoping to apply to PA school in a year or 2 and gain patient care hours in the meantime. ",
Matthew Hughes,matthewhughes2@cornell.edu,Undergraduate student,"First Gen, Panhellenic/Multicultural Greek Fraternal Council",,,,,,,,,4th,1st Choice,,,5th,,,,,,,3rd,,,,,2nd,,,,,,,,,,No,,Yes,"Career guidance. (Note to Mentees: Cornell Career Services provides resume, interviewing and internship/job search strategies. Mentors can provide guidance on excelling in competitive recruitment processes, exploring options and making informed decisions.), First Generation student guidance, Networking",No,,Hi! My name is Tina Chen and I’m currently a sophomore at The Hotel School. My interests are hospitality and design but I’m leaning towards corporate functions and marketing at the current moment. I am very involved inside The Hotel School and love to meet new people. ,
John Martinez,j.martinez81@cornell.edu,Graduate student,,Other,,,,,,,,4th,5th,,1st Choice,,,,,,3rd,,,,2nd,,,,,,,,,,,,,No,,No,,No,,"I am a graduate student at Cornell studying data and analytics, with a core interest in how individuals maintain agency within larger systems. I aim to integrate data, business insight, and strategic decision-making to shape outcomes without losing my own center.",
Susan Morgan,smorgan@cornell.edu,Undergraduate student,"Panhellenic/Multicultural Greek Fraternal Council, Other",,,,,,,,1st Choice,,3rd,,,,,,,,,,5th,,,,,2nd,,,,,,,4th,,,Yes,"East Coast U.S., NYC area",Yes,"Career guidance. (Note to Mentees: Cornell Career Services provides resume, interviewing and internship/job search strategies. Mentors can provide guidance on excelling in competitive recruitment processes, exploring options and making informed decisions.), Navigating the workforce, Networking",Yes,The Peter and Stephanie Nolan School of Hotel Administration,"
I’m Mikayla Tow, a current Sophomore Hotelie and incoming Hotel Websites and Operations HQ Fellow at Marriott Int’l. I am interested in pursuing a field in marketing, consulting, or a people-focused corporate role. I also have a pet dog and bunny named Taro and Tofu!
",
Ryan Wilson,r.wilson71@cornell.edu,Undergraduate student,First Gen,,,,,,,,,3rd,5th,,4th,,,,,,1st Choice,,,,,,,,2nd,,,,,,,,,No,,Yes,"Work-Life Balance, Transitioning from academia to industry or navigating career changes, First Generation student guidance, Networking",No,,"Hello! I'm curious and open to learning many topics, but my main interest is problem-solving, like doing riddles and puzzles. As a Math and Performing and Media Arts double major, I like the concepts of intersecting analytical thinking within the arts.",
Helen Ruiz,helenruiz52@cornell.edu,Graduate student,,Graduate and Professional Students Assembly. (GPSA),,,,4th,,2nd,,3rd,,,,,,,,,,,,,,,,,,1st Choice,,,,,,,,No,,Yes,"Work-Life Balance, Career guidance. (Note to Mentees: Cornell Career Services provides resume, interviewing and internship/job search strategies. Mentors can provide guidance on excelling in competitive recruitment processes, exploring options and making informed decisions.), Navigating the workforce, International student guidance, Transitioning from academia to industry or navigating career changes, First Generation student guidance, Networking",No,,"My name is Chiamaka Ezeh, I am currently a third-year PhD candidate in the Genetics, Genomics and Development (GGD) program, and I study pancreatic cancer metabolism. I am looking forward to the amazing conversations and to a safe space to talk about the professional crossroads I am currently at. ",
Abigail Wilson,abigail_wilson@cornell.edu,Graduate student,,Graduate and Professional Students Assembly. (GPSA),,,,3rd,,,,,,,4th,,,,,,,,,,,,,,,,,2nd,,1st Choice,,,,No,,Yes,"Career guidance. (Note to Mentees: Cornell Career Services provides resume, interviewing and internship/job search strategies. Mentors can provide guidance on excelling in competitive recruitment processes, exploring options and making informed decisions.), Public Service and Non-Profit Careers, Networking",Yes,"College of Arts and Sciences, College of Human Ecology","Hello, I'm a third year Economics PhD student specializing in labor economics. I focus on veterans' transition from the military to the civilian workforce. Ultimately, I want to work in the government and leverage my research base to design policy.",
Evelyn Ramirez,evelynramirez97@cornell.edu,PCCW member,,,"Undergraduate students, Graduate students",2.0,,,,,,,2nd,,,,,,,,,,,,,,1st Choice,,,,,,,,,,,Yes,NYC area,Yes,"Work-Life Balance, Career guidance. (Note to Mentees: Cornell Career Services provides resume, interviewing and internship/job search strategies. Mentors can provide guidance on excelling in competitive recruitment processes, exploring options and making informed decisions.), Navigating the workforce, First Generation student guidance, Networking",Yes,"College of Arts and Sciences, School of Industrial and Labor Relations","I'm an in-house legal executive at a telecommunications company in New York City.  I'm an Arts & Sciences '08 alumna who was very involved on campus and I graduated from the University of Michigan Law School in 2013.  I previously practiced law at Paul, Weiss LLP and clerked for a federal judge.",
Brenda Sullivan,bsullivan@cornell.edu,Undergraduate student,First Gen,,,,,,,,5th,,4th,,3rd,,,,,,1st Choice,,,,2nd,,,,,,,,,,,,,Yes,"East Coast U.S., NYC area",Yes,"Career guidance. (Note to Mentees: Cornell Career Services provides resume, interviewing and internship/job search strategies. Mentors can provide guidance on excelling in competitive recruitment processes, exploring options and making informed decisions.), Entrepreneurship and Startup Advice, First Generation student guidance, Networking",Yes,"Charles H. Dyson School of Applied Economics and Management, College of Arts and Sciences","Hi! I'm a very curious person and eager to talk to professionals in fields that I'm interested in. As a first generation college student, I'm not exactly sure what field I should pursue and how to go about it, so I'm excited to connect with you and learn!",
Margaret Watson,margaretwatson6@cornell.edu,Undergraduate student,First Gen,,,,,,,,3rd,,2nd,,,,,,,,4th,,,1st Choice,,,,5th,,,,,,,,,,Yes,"East Coast U.S., NYC area, East Asia",No,,Yes,School of Industrial and Labor Relations,"I’m Shelley, an ILR student who’s really interested in HR management and how people shape workplace culture. More than anything, I’m excited to have a mentor I can get to know as a person and learn from!",
Rebecca Peterson,rebeccap@cornell.edu,PCCW member,,,"Undergraduate students, Graduate students",3.0,2,,,,,,,,,,5th,4th,,,,,,,,,1st Choice,,,,,3rd,,2nd,,,,No,,No,,No,,"Mitzi, a retired Federal Government attorney and senior executive, advised engineers, radiation health physicists, geologists, and marine biologists. She litigated issues regarding nuclear power reactors, research reactors, medical radioisotope facilities, high-level waste, and nuclear security.  ",
Jerry Harris,jerryharris58@cornell.edu,Undergraduate student,Other,,,,,,,,,1st Choice,,,,,,5th,,,,,,,,,3rd,,,,,2nd,,4th,,,,No,,Yes,"Career guidance. (Note to Mentees: Cornell Career Services provides resume, interviewing and internship/job search strategies. Mentors can provide guidance on excelling in competitive recruitment processes, exploring options and making informed decisions.), Networking",Yes,"College of Agriculture and Life Sciences, Charles H. Dyson School of Applied Economics and Management, Cornell Law School",I am a sophomore double-majoring in Applied Economics and Management and Biology & Society. I am hoping to get into a career related to environmental law or international advocacy that works on helping marginalized communities. ,
Rachel Torres,rtorres@cornell.edu,Undergraduate student,First Gen,,,,,3rd,,,4th,5th,,,1st Choice,,,,,,,,,,2nd,,,,,,,,,,,,,No,,Yes,"Career guidance. (Note to Mentees: Cornell Career Services provides resume, interviewing and internship/job search strategies. Mentors can provide guidance on excelling in competitive recruitment processes, exploring options and making informed decisions.), Navigating the workforce, First Generation student guidance, Networking",Yes,"Cornell Ann S. Bowers College of Computing and Information Science, College of Engineering","I’m passionate about technology and data science, and I enjoy using coding to solve real-world problems. I also love teaching kids to code creatively, exploring art, and engaging in community volunteer work.",
