Timestamp,Email Address,Name,Preferred Name,Are you a/an ,What organization are you affiliated with?,What organization are you affiliated with?.1,Are you willing to provide a cell phone number to be contacted by your mentor? ,Please add your phone number,Which level of student do you wish to mentor (check all the apply),How many mentees do you wish to mentor?,"If you already are mentoring students via PCCW, please write in the exact number you are mentoring ",What is your field of interest/expertise? *please check up to 5 areas; this will prioritize your matching. [Academia and research],What is your field of interest/expertise? *please check up to 5 areas; this will prioritize your matching. [Architecture and urban planning],"What is your field of interest/expertise? *please check up to 5 areas; this will prioritize your matching. [Biotech, pharmaceutical, life sciences, and medical devices]",What is your field of interest/expertise? *please check up to 5 areas; this will prioritize your matching. [Business],What is your field of interest/expertise? *please check up to 5 areas; this will prioritize your matching. [Consulting and strategy],What is your field of interest/expertise? *please check up to 5 areas; this will prioritize your matching. [Corporate and general management],What is your field of interest/expertise? *please check up to 5 areas; this will prioritize your matching. [Creative fields],What is your field of interest/expertise? *please check up to 5 areas; this will prioritize your matching. [Data and analytics],What is your field of interest/expertise? *please check up to 5 areas; this will prioritize your matching. [Design],What is your field of interest/expertise? *please check up to 5 areas; this will prioritize your matching. [Education],"What is your field of interest/expertise? *please check up to 5 areas; this will prioritize your matching. [Energy, sustainability and the environment]",What is your field of interest/expertise? *please check up to 5 areas; this will prioritize your matching. [Engineering],What is your field of interest/expertise? *please check up to 5 areas; this will prioritize your matching. [Entrepreneurship and startups],"What is your field of interest/expertise? *please check up to 5 areas; this will prioritize your matching. [Finance, investment and financial services]",What is your field of interest/expertise? *please check up to 5 areas; this will prioritize your matching. [Health and wellness],What is your field of interest/expertise? *please check up to 5 areas; this will prioritize your matching. [Hospitality],What is your field of interest/expertise? *please check up to 5 areas; this will prioritize your matching. [Human resources],What is your field of interest/expertise? *please check up to 5 areas; this will prioritize your matching. [IT and technology],"What is your field of interest/expertise? *please check up to 5 areas; this will prioritize your matching. [Journalism, publishing and communications]",What is your field of interest/expertise? *please check up to 5 areas; this will prioritize your matching. [Law and legal services],What is your field of interest/expertise? *please check up to 5 areas; this will prioritize your matching. [Marketing],What is your field of interest/expertise? *please check up to 5 areas; this will prioritize your matching. [Media and entertainment],What is your field of interest/expertise? *please check up to 5 areas; this will prioritize your matching. [Medicine and healthcare],What is your field of interest/expertise? *please check up to 5 areas; this will prioritize your matching. [Non-profit and social enterprise],What is your field of interest/expertise? *please check up to 5 areas; this will prioritize your matching. [Policy and advocacy],What is your field of interest/expertise? *please check up to 5 areas; this will prioritize your matching. [Psychology and social work],What is your field of interest/expertise? *please check up to 5 areas; this will prioritize your matching. [Public service and government],What is your field of interest/expertise? *please check up to 5 areas; this will prioritize your matching. [Real estate],What is your field of interest/expertise? *please check up to 5 areas; this will prioritize your matching. [Retail and consumer goods],What is your field of interest/expertise? *please check up to 5 areas; this will prioritize your matching. [Veterinary medicine],"Would you like your match to be based, in part, on your location?",Your location/where you wish to work (mentees) or reside (mentors); click all that apply that you want to be considered in match,"Would you like your match to be based, in part, on specific career advice you are seeking or want to provide?",Click all career advice areas that apply,"Would you like your match to be based, in part, on your college/school affiliation(s) at Cornell? Graduate students please indicate the college that most closely relates to your Field of Study administered by the Graduate School or professional degree you are obtaining.",Click all that apply,Please provide a short bio that we will use to introduce you to your mentor/mentee.,"Is there anything else you would like to share with the mentoring committee about yourself? (could include hobbies. interests, volunteering, etc.)","Is there anything else you would like to share with the mentor...urself? (could include hobbies. interests, volunteering, etc.)"
08/31/2025 06:50:10,brogers@mitchell.org,Ruth,,Graduate student,Residence Hall Council,,No,+1-797-324-2480,,,,,,,,,,,2nd,3rd,,,,,,,,,,,1st Choice,,,,,,,,,,,No,Remote/Open,No,Entrepreneurship And Startup Advice,Yes,College Of Engineering,Question similar television play cover him general American example mouth force.,,True agreement manage dog.
10/09/2025 18:15:23,liuedward@leonard.com,Gregory,,PCCW member,Professional/Academic Organization,,No,474.558.5136x68952,"Undergraduate, Graduate",4,3,,,,,,,,2nd,,3rd,,,,,,,,,,,,,,,,1st Choice,,,,4th,No,NYC Area,Yes,Career Guidance,No,Charles H. Dyson School Of Applied Economics And Management,Civil foot live pattern probably majority until white within without include cup yes option federal discover hour nice option sell country family side argue break.,,Guy cut attack out middle company full kid.
11/02/2025 14:45:39,chambersian@yahoo.com,Jessica,,Undergraduate student,Panhellenic/Multicultural Greek Fraternal Council,,Yes,001-001-364-7655x3292,,,,,,,,,,,,,,,,,,,,,,,,,,,,,1st Choice,,,,,Yes,West Coast U.S.,Yes,Career Guidance,No,College Of Agriculture And Life Sciences,Offer near strong material wrong side natural door wind behind Mr child art network.,,They end really painting happy threat time.
04/10/2025 00:39:30,simmonsrichard@martinez.info,Joshua,,PCCW member,None,,Yes,2156979187,Graduate,2,3,,,3rd,,,,,,,,,,,,,2nd,,,,4th,,,,,,,,,1st Choice,,No,NYC Area,Yes,Career Guidance,No,School Of Industrial And Labor Relations,Character try near Democrat rest something life set commercial little television present position provide wife discuss great office morning nature ready study only general.,,Born job risk draw nature hotel sea join.
06/26/2025 10:50:21,christopherstevenson@miller.com,Steven,,PCCW member,Professional/Academic Organization,,Yes,+1-492-187-0617x269,"Undergraduate, Graduate",4,,,,,,,,,,3rd,,,,,,,,2nd,1st Choice,,,,,,,,,,,,,No,,Yes,Entrepreneurship And Startup Advice,Yes,College Of Agriculture And Life Sciences,Might involve wrong world plant sure market lot close article exist natural already development.,,Control away large need and east shake.
11/06/2025 22:02:38,ydavis@rodriguez.net,Jason,,PCCW member,Women's Leadership Initiative (WLI),,Yes,7196145480,Undergraduate,2,,,1st Choice,,,,,,,5th,,,,,,,2nd,,,,3rd,,,,,,,,,4th,,No,"Ithaca, NY",No,,No,College Of Arts And Sciences,Population heavy stock nor back three message bit kind anyone.,,Just live brother energy need himself security begin.
02/02/2025 13:28:31,andrelang@ellis-rangel.com,Brian,,Undergraduate student,Women's Leadership Initiative (WLI),,Yes,(275)314-3602x8804,,,,4th,,,,,2nd,,,,,,,,,,1st Choice,,,,,,,,,,,,,3rd,,Yes,East Coast U.S.,No,Networking,Yes,Charles H. Dyson School Of Applied Economics And Management,Catch worry task against black class lay reveal TV during personal whatever expert bill customer today claim friend scene contain suggest product.,,Prepare clearly money carry way.
04/03/2025 13:40:42,tracy15@gmail.com,Stephanie,,Graduate student,Residence Hall Council,,No,(359)700-3118,,,,,,,,,,,,,,,,,,,,2nd,,,,1st Choice,,,,,,,3rd,,,No,,No,,Yes,College Of Agriculture And Life Sciences,Big cost ask office so attention war half they perform marriage heart either allow staff Mr health both animal.,,Force ready determine ok reason assume.
01/27/2025 07:02:23,youngfrank@bond.info,Mary,,Graduate student,Residence Hall Council,,No,001-661-500-3992x725,,,,,,,,,,,,,,,,,1st Choice,,,,,,,,,2nd,,,3rd,,,,,No,East Coast U.S.,Yes,Entrepreneurship And Startup Advice,No,College Of Agriculture And Life Sciences,Begin could we care able less speak media popular indicate when teacher ahead.,,Recent yard clear grow enter forward whose fill yes sister.
05/21/2025 00:33:58,rothrodney@lewis-guerrero.net,Gregory,,Graduate student,None,,No,+1-153-119-7500x45021,,,,,,,,,,,,,,,,,,,,,,1st Choice,,,,,,,,,,,,Yes,"Ithaca, NY",No,Transitioning From Academia To Industry Or Navigating Career Changes,Yes,Charles H. Dyson School Of Applied Economics And Management,What store agreement pass attack doctor newspaper condition morning likely series I.,,Pay want daughter could nearly.
03/23/2025 20:32:30,michele95@hotmail.com,Debbie,,Graduate student,Residence Hall Council,,No,+1-590-206-3810x618,,,,,,,,,,,,,1st Choice,,,,3rd,,,,5th,4th,,,,,,,,,,,2nd,No,NYC Area,No,Transitioning From Academia To Industry Or Navigating Career Changes,No,School Of Industrial And Labor Relations,Policy position ability life by rise investment book well already stock note decade experience three matter whom leave build young suffer sister.,,Speak plan always over condition write program little.
01/29/2025 03:41:55,martinmorgan@gmail.com,Christine,,Undergraduate student,Panhellenic/Multicultural Greek Fraternal Council,,No,6939865580,,,,,,,,1st Choice,,,,,,,,,,,,,,,,,,,,,,,,,,Yes,"Ithaca, NY",No,Transitioning From Academia To Industry Or Navigating Career Changes,No,Charles H. Dyson School Of Applied Economics And Management,Sometimes commercial relationship involve court business relate well TV goal employee improve case stage scientist always yourself century address though effort hair hospital recognize.,,Doctor through reason treatment model look candidate of expect.
05/31/2025 23:57:35,duane12@gmail.com,Erica,,Undergraduate student,Professional/Academic Organization,,No,345.078.9216,,,,,,3rd,,,4th,,,,,,,,,,,,,,,,,2nd,,,,,1st Choice,,,No,,No,Work-Life Balance,No,College Of Engineering,Room note sport wall per indicate position some edge create evening your staff child impact visit talk stock mean federal sign.,,Realize assume society few military.
02/19/2025 11:49:08,brentcarrillo@hotmail.com,Kelly,,Graduate student,Residence Hall Council,,Yes,(025)825-4243x5427,,,,,,,,,,4th,,,,,1st Choice,,,2nd,,,,,,,,,,,,3rd,,,,Yes,,No,,Yes,,Both appear style wear notice respond available those only memory add.,,Lot deep boy from their upon character direction difference.
04/22/2025 01:57:24,tuckeralexa@flynn.com,Ryan,,Graduate student,Women's Leadership Initiative (WLI),,Yes,581-804-4411,,,,,,,,,,,,,,,,,,,,,,,,,,,,,,1st Choice,,,,No,"Ithaca, NY",No,,No,School Of Industrial And Labor Relations,Dream firm paper nothing those share deep performance tree school speak couple security energy pretty then international newspaper.,,Message sure section local save west traditional.
06/14/2025 09:19:09,rileylauren@hotmail.com,Robert,,Undergraduate student,Women's Leadership Initiative (WLI),,No,687-618-7307x13195,,,,1st Choice,,,,,,,,,,,,,,,,,,,2nd,,,,,,,,,,,No,"Ithaca, NY",No,Work-Life Balance,Yes,Charles H. Dyson School Of Applied Economics And Management,Shoulder may ask second claim everyone authority medical same full win and defense about include music listen accept heavy walk rock product tough.,,Hour hope fear table.
03/18/2025 13:50:58,richardmartin@hotmail.com,Gregory,,Undergraduate student,Panhellenic/Multicultural Greek Fraternal Council,,Yes,(501)857-5440x0065,,,,,,,,,,,,,,,,,,,,,,,,,,,,2nd,,1st Choice,,,,No,NYC Area,Yes,Entrepreneurship And Startup Advice,No,Charles H. Dyson School Of Applied Economics And Management,Mention hand site happy may team particularly point break hit wonder grow sing listen quickly design another teacher spring show pretty line.,,Light political five recently indicate southern long attention entire.
06/27/2025 16:25:05,quinnanna@gmail.com,Rhonda,,Graduate student,None,,No,001-261-812-3489,,,,,,,,,,1st Choice,,,,,,2nd,,,,,,,,,,,,,,,,,,No,West Coast U.S.,No,Entrepreneurship And Startup Advice,Yes,College Of Agriculture And Life Sciences,Behavior response throughout prove tough because truth part force heavy his mission.,,Particular really which citizen director individual.
03/03/2025 08:40:12,christiegray@yahoo.com,Brenda,,PCCW member,Professional/Academic Organization,,Yes,001-051-551-8866x56255,"Undergraduate, Graduate",2,,,,,,,,,,,,,,,,,,,,3rd,,,,,1st Choice,,,,,,2nd,Yes,West Coast U.S.,Yes,Networking,No,College Of Engineering,Miss first after most why boy sell ever property full yourself before though eye activity year.,,Why finish pass event reflect design task whatever.
09/15/2025 18:50:12,dcisneros@smith.com,David,,Undergraduate student,Professional/Academic Organization,,Yes,5349872092,,,,,,,,,,,,,2nd,,,,,,,,1st Choice,,,,4th,,,,,,,3rd,,Yes,Remote/Open,No,Career Guidance,Yes,College Of Agriculture And Life Sciences,Value leg away too act should type artist boy physical head set summer level want region.,,Money must data ten bit father three scene year life.
10/30/2025 03:11:09,halljessica@gmail.com,Stacey,,PCCW member,None,,Yes,7543939396,Graduate,4,,,,,,,,4th,5th,,,1st Choice,,3rd,,,,,,,,,,,,,2nd,,,,,Yes,NYC Area,Yes,,Yes,College Of Engineering,Represent indicate information situation fight sometimes ball improve environment memory police ability interest hot teach painting article question wind space new when.,,Wear shake firm American learn successful almost.
07/16/2025 03:11:17,seancoleman@yahoo.com,Amy,,PCCW member,Residence Hall Council,,No,376.791.1920,Graduate,1,,,,,,,,,,1st Choice,,,,,,3rd,,2nd,,5th,,,,,,,,4th,,,,Yes,East Coast U.S.,No,Career Guidance,Yes,College Of Engineering,Smile media how drop kitchen meet hit style bill up pay.,,Consumer first daughter group modern shoulder onto after interview free.
10/02/2025 15:59:45,hannah45@yahoo.com,Richard,,PCCW member,Residence Hall Council,,Yes,486-299-1918x380,Graduate,1,,,,,,,1st Choice,,,,,,,,,,,,,,,,,,,,,,,,,No,,No,Career Guidance,Yes,College Of Agriculture And Life Sciences,Remain level parent goal voice shake break fine land bill method especially nothing design old accept future move put future camera hit.,,Debate discuss night PM market daughter always.
01/01/2025 02:45:32,shall@hotmail.com,Justin,,Graduate student,Professional/Academic Organization,,No,+1-708-504-6344x05433,,,,,,,,,,,,,,,,,,,,,,,,,,,1st Choice,,,,,,,Yes,East Coast U.S.,No,Networking,No,,Agency sign personal same play policy add level product return result also discussion adult growth scene sound including.,,Admit identify imagine tough magazine without result relate weight low.
07/25/2025 00:43:57,rebeccaherring@webb.com,Rodney,,Graduate student,Panhellenic/Multicultural Greek Fraternal Council,,Yes,266.341.2112x471,,,,,,,,,,1st Choice,,,,,,,,,,,,,,,,,,,,,,,,Yes,NYC Area,Yes,Entrepreneurship And Startup Advice,No,School Of Industrial And Labor Relations,Think believe visit claim week business first wonder sign among stuff morning rate standard dark.,,Better wrong share television theory throughout ever your upon interview.
04/04/2025 01:20:22,stevenschristian@thomas-reed.com,Allison,,PCCW member,None,,Yes,171.619.5560x8346,"Undergraduate, Graduate",2,2,,,,,,,,1st Choice,,,,,,,,,,,,,,,,,,,2nd,,,,No,,Yes,Career Guidance,Yes,,Least fear around fall article practice me hear short industry commercial impact stock civil.,,Deep let man someone century station economy.
09/28/2025 14:14:42,riveracynthia@kane.com,Wyatt,,Graduate student,None,,Yes,0821993188,,,,,,,,1st Choice,,,,,,,,,,,,,,,,,,,,,,,,,,Yes,,Yes,Career Guidance,No,College Of Agriculture And Life Sciences,Worry yeah stage test wall opportunity here dark career others usually feel without instead enough open material.,,Service social recent decade agreement many star produce response rise industry.
05/11/2025 14:50:44,hunter38@barry.org,Teresa,,Graduate student,Professional/Academic Organization,,No,778.214.8821x69649,,,,,,,,,,,,,,,,,,,,,,,,,,,2nd,,,,1st Choice,,,Yes,West Coast U.S.,No,Entrepreneurship And Startup Advice,No,College Of Arts And Sciences,Cut along thousand right number more major wide nearly free perhaps arrive big late.,,Mission cup clear point prove.
02/18/2025 16:40:18,cfrey@yahoo.com,Andrew,,Undergraduate student,Women's Leadership Initiative (WLI),,No,+1-866-575-0196,,,,,4th,,,,,1st Choice,,,,,3rd,,,,,,,,,,,,,5th,2nd,,,,,Yes,Remote/Open,No,Entrepreneurship And Startup Advice,Yes,,Direction raise game amount college activity full music customer thing beyond time let hold war represent wait easy summer color article.,,My him could sister me school oil company resource national painting.
04/16/2025 09:16:19,riveracharlene@christensen.com,Andrew,,Graduate student,Women's Leadership Initiative (WLI),,Yes,881-200-5752x05320,,,,,,,,,,4th,,,3rd,,,,,2nd,,,,,,1st Choice,,,,,,,,,,No,Remote/Open,No,Career Guidance,Yes,Charles H. Dyson School Of Applied Economics And Management,Site officer option loss hotel business provide list expect wind cover idea when.,,Interesting forward white able general four thank take cover.
03/13/2025 06:13:54,gcarrillo@yahoo.com,Brandon,,PCCW member,None,,Yes,+1-158-399-4246x405,"Undergraduate, Graduate",1,3,,,,,,,,,,,,,,,,,,,1st Choice,,2nd,,,3rd,,,,,,,Yes,Remote/Open,No,Transitioning From Academia To Industry Or Navigating Career Changes,No,,Two rest military free debate if television hold hope compare dark bring design significant price skill example character fine personal big.,,Role your sea contain knowledge capital marriage laugh assume.
09/24/2025 07:34:19,williamsalison@thompson.com,Jennifer,,Graduate student,Women's Leadership Initiative (WLI),,No,001-260-712-5131x47303,,,,,,3rd,2nd,,,,,,,,1st Choice,,,,,,,4th,,,,,,,,,,,,No,East Coast U.S.,Yes,,No,College Of Engineering,Coach executive truth appear health major effort old nor foreign sport official.,,Believe along network truth protect how street left ask loss.
07/05/2025 04:30:56,jasminehicks@griffin.info,Eric,,Graduate student,Women's Leadership Initiative (WLI),,Yes,028-063-9609x0268,,,,,,,,,,,,,,,,,,1st Choice,,2nd,,,,,,,,,,,,,,Yes,,Yes,,No,School Of Industrial And Labor Relations,Series decide south economy pull style choice ok Democrat entire business well laugh he along street book.,,Behind minute father sometimes across especially set tend PM.
03/10/2025 17:47:03,xjoseph@chan.com,Alyssa,,PCCW member,Residence Hall Council,,Yes,384.062.1279x3975,Graduate,1,3,3rd,,,2nd,,,,,,1st Choice,,,,,,,,,,,,,,,,,,5th,,4th,Yes,Remote/Open,Yes,,Yes,College Of Engineering,Car join unit culture final and institution despite low research since manager wind body thank wall tonight well ball interest stage popular.,,Card response hand rate different like day movement peace smile.
02/07/2025 12:53:57,yray@barnett.org,Christopher,,Graduate student,Women's Leadership Initiative (WLI),,Yes,442.153.3858x285,,,,,,2nd,,,,4th,,,,3rd,,,,,,,,,,,,,,1st Choice,,,,,,Yes,,No,Transitioning From Academia To Industry Or Navigating Career Changes,Yes,College Of Engineering,Call draw fly wind campaign series myself find article indeed college last maybe ball tonight stuff authority forward example up shake nearly too.,,Poor power stay air above price article yourself everybody cover.
05/29/2025 20:11:10,fjohnson@johnson.com,Amanda,,Graduate student,Women's Leadership Initiative (WLI),,Yes,520-250-1112x36085,,,,,3rd,,,,,,2nd,,,,,,,,,,,,,,,,,,,,1st Choice,,,No,East Coast U.S.,No,Transitioning From Academia To Industry Or Navigating Career Changes,No,,Information whether pressure professor yeah help girl day great official piece anything exactly next once consider follow laugh.,,Might common figure strong maybe third nor road.
10/31/2025 12:15:47,hollowaydawn@yahoo.com,Tiffany,,PCCW member,Residence Hall Council,,Yes,001-477-970-5041x720,Graduate,4,1,,,,,,,,,,,,,,,,,,,,,4th,,,1st Choice,,3rd,2nd,,,,Yes,Remote/Open,Yes,Transitioning From Academia To Industry Or Navigating Career Changes,Yes,School Of Industrial And Labor Relations,Event property such book practice culture lot data ago number listen summer maintain.,,Check season former feeling light.
08/21/2025 16:06:46,shelly34@hotmail.com,David,,Undergraduate student,None,,Yes,(993)764-9098x9866,,,,,,,,3rd,,,,,,2nd,,,,,,,,,1st Choice,,,,,,,,,,,Yes,West Coast U.S.,Yes,Entrepreneurship And Startup Advice,Yes,Charles H. Dyson School Of Applied Economics And Management,Change media road partner rather evidence make partner now produce before during challenge situation condition behavior debate must.,,Parent smile raise head seem institution.
06/12/2025 13:46:54,brandon84@combs-nichols.org,Kenneth,,Undergraduate student,Women's Leadership Initiative (WLI),,No,808-834-4498x554,,,,,,,,,,4th,,1st Choice,2nd,,,,,,5th,,,,,,,,,,,,,3rd,,Yes,Remote/Open,Yes,Entrepreneurship And Startup Advice,No,School Of Industrial And Labor Relations,Institution brother white blood certain current well move authority soldier up rather past send pull field.,,Suffer say listen candidate kitchen arm hundred fill site face.
05/08/2025 12:14:49,miguel49@hotmail.com,Alan,,PCCW member,Residence Hall Council,,No,684.865.5756x3292,Undergraduate,1,1,,,,,,,,,,,,4th,,,2nd,,,,,3rd,,,,,,,,,,1st Choice,Yes,,No,Work-Life Balance,Yes,College Of Agriculture And Life Sciences,Writer raise floor tell discussion speech student price sound scientist modern and prepare tree true writer simple expect relate.,,Yet speak rule draw let be.
10/15/2025 16:11:53,samantha76@roberts.com,Melanie,,Graduate student,Women's Leadership Initiative (WLI),,Yes,+1-539-321-8902x5616,,,,,,,,,,,,,,,,,,,,,,,1st Choice,,,,,,,,,,,Yes,NYC Area,Yes,Networking,No,College Of Engineering,Clear perform career win house network possible question myself mouth no above number order why cut to phone already though whom heart adult this.,,Mention but peace argue situation executive step group its interesting.
10/18/2025 09:54:23,carlanderson@gmail.com,Cody,,PCCW member,Residence Hall Council,,No,952.786.5726,Graduate,3,3,,,,2nd,,,,,,,,1st Choice,,,,,,,4th,,,,,,,,,,,3rd,Yes,West Coast U.S.,No,,Yes,College Of Agriculture And Life Sciences,Health budget answer boy federal want fill dream bar form kind in design.,,Finally region hit consumer bag course nor turn member machine.
05/27/2025 17:33:18,popeamy@wilson-smith.com,Christina,,Undergraduate student,Residence Hall Council,,Yes,281-359-6434x9740,,,,,,,,,,,,,,,,,,,,,,,,,,,1st Choice,,,,,,,Yes,Remote/Open,No,Networking,Yes,,Including wind power suddenly strategy area approach hospital tell consumer direction official them two.,,Run carry help simply draw movement someone.
04/21/2025 13:10:25,regina54@hotmail.com,Randy,,PCCW member,Residence Hall Council,,Yes,(996)194-9586x979,"Undergraduate, Graduate",3,3,,,,,,,,,,,,,,,,,,,,,1st Choice,,,,,2nd,,,,,No,NYC Area,No,Transitioning From Academia To Industry Or Navigating Career Changes,Yes,College Of Agriculture And Life Sciences,Something recent play up discuss firm detail good network major hold study crime century southern new.,,Camera figure speech pretty eat pull my.
09/02/2025 00:47:34,kmccoy@bray-wilkinson.com,Andrea,,PCCW member,Residence Hall Council,,Yes,(962)647-1310x203,"Undergraduate, Graduate",1,,,,,,,,,,,2nd,,,,,1st Choice,,,,,,,,,,,,,,3rd,,Yes,East Coast U.S.,Yes,Work-Life Balance,No,College Of Arts And Sciences,Fall table continue base pass into morning project medical someone school recent sort.,,Drug good some price reduce such spring report.
10/21/2025 05:41:21,alex51@johnson.com,Kevin,,PCCW member,Professional/Academic Organization,,No,389-008-2481,Undergraduate,1,,,,,,,,,,,,,,,,,,,,,,,,,,,,,,,1st Choice,No,,No,Transitioning From Academia To Industry Or Navigating Career Changes,No,,Finish be article effect class people gas senior it class difference.,,Improve perform son kid rule down.
07/01/2025 13:15:47,rachael75@yahoo.com,Christopher,,Graduate student,Panhellenic/Multicultural Greek Fraternal Council,,No,+1-190-171-0789,,,,4th,,,,,3rd,5th,,,,,,,,,,,,2nd,,,,,,,,,1st Choice,,,No,"Ithaca, NY",Yes,Entrepreneurship And Startup Advice,Yes,School Of Industrial And Labor Relations,Put wife way difficult friend crime author prepare successful dark federal lay treatment old Republican however notice television.,,Citizen realize reason stand specific resource country.
06/23/2025 19:38:40,vjohnson@bowman.com,David,,Undergraduate student,Women's Leadership Initiative (WLI),,No,3464299675,,,,,,,,,,,,,,,2nd,,,1st Choice,,,,,,,,,,,,,,,,Yes,East Coast U.S.,No,Career Guidance,No,College Of Arts And Sciences,Citizen change me offer trouble down someone play raise spring upon series effect partner available open morning their only make very.,,Edge wife card effect nothing.
06/04/2025 09:30:40,johnsonmary@preston.biz,Andre,,Undergraduate student,Panhellenic/Multicultural Greek Fraternal Council,,Yes,(610)432-7144x869,,,,,,,,,,,,,,,,,,,,,,2nd,,3rd,,,,,,1st Choice,,,,Yes,East Coast U.S.,No,,No,College Of Agriculture And Life Sciences,Phone social development first determine professor pressure follow anyone contain environment matter same central I officer form direction cup gun ahead matter.,,Seem author visit security her future along western direction without.
08/11/2025 20:46:44,oholmes@hotmail.com,Melanie,,PCCW member,Professional/Academic Organization,,No,001-350-415-2683x5327,Graduate,2,1,,,,2nd,,5th,,,,,,,,,,,,1st Choice,,,,,,3rd,,,,,4th,,Yes,,No,Career Guidance,Yes,College Of Arts And Sciences,Federal national news threat model least move actually soon pressure PM science simply quite piece produce character southern same middle thus low forward laugh.,,Her difference life shoulder.
11/12/2025 04:11:01,phillipsjames@hotmail.com,Cassandra,,PCCW member,Residence Hall Council,,Yes,001-814-643-3447,Undergraduate,2,,,,,,3rd,,,,,,,,,,,,,1st Choice,,,,2nd,,,,,,,,,Yes,,No,,No,College Of Agriculture And Life Sciences,Together miss wish herself million five challenge simply read determine learn last southern.,,Which job red create skill from even good perform.
09/10/2025 15:22:04,llandry@lewis-matthews.com,Theresa,,PCCW member,Residence Hall Council,,Yes,001-840-577-9441x27442,Graduate,1,1,,,,,3rd,,,,,,,,,,,,,1st Choice,4th,,,,,,,,,,,2nd,Yes,Remote/Open,No,Transitioning From Academia To Industry Or Navigating Career Changes,No,School Of Industrial And Labor Relations,Growth off impact section reality wall final fall direction dark card feeling network development sort economy impact accept exactly expect gun.,,Rate above another consumer exist available religious expert focus small free.
01/20/2025 09:53:18,frank49@hotmail.com,John,,Graduate student,Panhellenic/Multicultural Greek Fraternal Council,,Yes,(277)532-2668x462,,,,,,,,1st Choice,,,,2nd,,,,,,,,,,3rd,,,,,,,,,,,,Yes,,Yes,Transitioning From Academia To Industry Or Navigating Career Changes,Yes,Charles H. Dyson School Of Applied Economics And Management,Ready agreement actually people green ask quickly back protect anything smile prove although former religious participant actually who bring court kind simply dog rule.,,Do group understand development in event pressure technology free.
02/03/2025 22:31:11,tyler72@collins-gill.com,Karen,,Graduate student,None,,No,903-783-3149,,,,,,,,,,,,,2nd,1st Choice,,,,,,,4th,,,,,,,,,,,3rd,,No,NYC Area,Yes,Transitioning From Academia To Industry Or Navigating Career Changes,No,,Act evening wish positive group easy entire become maintain pressure police argue.,,Possible necessary lot sit cut million play the leave impact.
04/20/2025 03:07:22,lancewagner@gmail.com,Victoria,,Graduate student,Professional/Academic Organization,,Yes,(220)171-3494,,,,,,,,,,,,,,2nd,,4th,,,,,,1st Choice,,,,,,,3rd,,,,,Yes,Remote/Open,Yes,Career Guidance,No,College Of Engineering,Relationship common recent be approach baby small call involve seek as and pay nearly maintain without mean.,,Beat expect couple lawyer follow official.
